Category,Sub Category,Name,Brand,Image_Url,Url
Produce,Fresh Fruit,Organic Bartlett Pear,PRODUCE,https://m.media-amazon.com/images/S/assets.wholefoodsmarket.com/PIE/product/653c1dec4a463c6312f00433_2023-10-27_20-30-44_front.main.jpg,https://www.wholefoodsmarket.com/product/produce-organic-bartlett-pear-b0050prgxe
Produce,Fresh Fruit,Organic Bartlett Pear,PRODUCE,https://m.media-amazon.com/images/S/assets.wholefoodsmarket.com/PIE/product/653c1dec4a463c6312f00433_2023-10-27_20-30-44_front.main.jpg,https://www.wholefoodsmarket.com/product/produce-organic-bartlett-pear-b0050prgxe
Produce,Fresh Fruit,Organic Sungold Kiwi,Zespri速 Kiwifruit,https://m.media-amazon.com/images/S/assets.wholefoodsmarket.com/PIE/product/62fbf24aebe2494246d62b03_0818849020109-glamor-front-2022-08-05t19-15-09-iphone-x-quality-90-1-31-0-user-5984ad42a967f880524de2c4-s42r-851656.jpg,https://www.wholefoodsmarket.com/product/zespri-kiwifruit-organic-sungold-kiwi-b079jmtdh4
Produce,Fresh Fruit,Organic Sungold Kiwi,Zespri速 Kiwifruit,https://m.media-amazon.com/images/S/assets.wholefoodsmarket.com/PIE/product/62fbf24aebe2494246d62b03_0818849020109-glamor-front-2022-08-05t19-15-09-iphone-x-quality-90-1-31-0-user-5984ad42a967f880524de2c4-s42r-851656.jpg,https://www.wholefoodsmarket.com/product/zespri-kiwifruit-organic-sungold-kiwi-b079jmtdh4
Produce,Fresh Fruit,Meyer Lemon Bag,PRODUCE,https://m.media-amazon.com/images/S/assets.wholefoodsmarket.com/PIE/product/5aa983d911dc09df89bfbf8e_56e71354c5cb2f11004367b6-365-lemons-2.jpg,https://www.wholefoodsmarket.com/product/produce-meyer-lemon-bag-b078tgfwkd
Produce,Fresh Fruit,Meyer Lemon Bag,PRODUCE,https://m.media-amazon.com/images/S/assets.wholefoodsmarket.com/PIE/product/5aa983d911dc09df89bfbf8e_56e71354c5cb2f11004367b6-365-lemons-2.jpg,https://www.wholefoodsmarket.com/product/produce-meyer-lemon-bag-b078tgfwkd
Produce,Fresh Fruit,Organic Blueberries Pint,Whole Foods Market,https://m.media-amazon.com/images/S/assets.wholefoodsmarket.com/PIE/product/5762b76e38a52ce69b6d1425_produce_blueberries.1.jpg,https://www.wholefoodsmarket.com/product/whole-foods-market-organic-blueberries-pint-b077n7tr5g
Produce,Fresh Fruit,Organic Blueberries Pint,Whole Foods Market,https://m.media-amazon.com/images/S/assets.wholefoodsmarket.com/PIE/product/5762b76e38a52ce69b6d1425_produce_blueberries.1.jpg,https://www.wholefoodsmarket.com/product/whole-foods-market-organic-blueberries-pint-b077n7tr5g
Produce,Fresh Fruit,Organic Keitt Mango,Whole Foods Market,https://m.media-amazon.com/images/S/assets.wholefoodsmarket.com/PIE/product/56dd15d66f738f11001a14f0.jpg,https://www.wholefoodsmarket.com/product/whole-foods-market-organic-keitt-mango-b07fz82xn3
Produce,Fresh Fruit,Organic Keitt Mango,Whole Foods Market,https://m.media-amazon.com/images/S/assets.wholefoodsmarket.com/PIE/product/56dd15d66f738f11001a14f0.jpg,https://www.wholefoodsmarket.com/product/whole-foods-market-organic-keitt-mango-b07fz82xn3
Produce,Fresh Fruit,Organic Granny Smith Apples,Whole Foods Market,https://m.media-amazon.com/images/S/assets.wholefoodsmarket.com/PIE/product/57890beb41acc8390c5849b3_produce_grannysmithapple.1.jpg,https://www.wholefoodsmarket.com/product/whole-foods-market-organic-granny-smith-apples-b003tqa73m
Produce,Fresh Fruit,Organic Granny Smith Apples,Whole Foods Market,https://m.media-amazon.com/images/S/assets.wholefoodsmarket.com/PIE/product/57890beb41acc8390c5849b3_produce_grannysmithapple.1.jpg,https://www.wholefoodsmarket.com/product/whole-foods-market-organic-granny-smith-apples-b003tqa73m
Produce,Fresh Fruit,Sourced For Good Organic Red Grape Tomatoes (1 Lb),Whole Foods Market,https://m.media-amazon.com/images/S/assets.wholefoodsmarket.com/PIE/product/630d54cb6417625a3ceac3c0_0099482449001-glamor-front-2022-08-05t19-04-52-iphone-x-quality-90-1-31-0-user-5984ad42a967f880524de2c4-afec-235454.jpg,https://www.wholefoodsmarket.com/product/whole-foods-market-sourced-for-good-organic-red-grape-tomatoes-1-lb-b07prt4dvk
Produce,Fresh Fruit,Sourced For Good Organic Red Grape Tomatoes (1 Lb),Whole Foods Market,https://m.media-amazon.com/images/S/assets.wholefoodsmarket.com/PIE/product/630d54cb6417625a3ceac3c0_0099482449001-glamor-front-2022-08-05t19-04-52-iphone-x-quality-90-1-31-0-user-5984ad42a967f880524de2c4-afec-235454.jpg,https://www.wholefoodsmarket.com/product/whole-foods-market-sourced-for-good-organic-red-grape-tomatoes-1-lb-b07prt4dvk
Produce,Fresh Fruit,Fresh Fruit Platter,Whole Foods Market,https://m.media-amazon.com/images/S/assets.wholefoodsmarket.com/PIE/product/63a32afe73f6933374a246c4_12153000080-platedfront.jpg,https://www.wholefoodsmarket.com/product/whole-foods-market-fresh-fruit-platter-b0b6gz9k9q
Produce,Fresh Fruit,Fresh Fruit Platter,Whole Foods Market,https://m.media-amazon.com/images/S/assets.wholefoodsmarket.com/PIE/product/63a32afe73f6933374a246c4_12153000080-platedfront.jpg,https://www.wholefoodsmarket.com/product/whole-foods-market-fresh-fruit-platter-b0b6gz9k9q
Produce,Fresh Fruit,Organic Wild Wonder Tomatoes,SUNSET PRODUCE,https://m.media-amazon.com/images/S/assets.wholefoodsmarket.com/PIE/product/62d09a75357c9d0b3229ae04_0057836930032-glamor-front-2022-03-14t20-43-29-iphone-x-quality-90-1-29-0-user-5984ad42a967f880524de2c4-zcur-527619.jpg,https://www.wholefoodsmarket.com/product/sunset-produce-organic-wild-wonder-tomatoes-b08485zzbw
Produce,Fresh Fruit,Organic Wild Wonder Tomatoes,SUNSET PRODUCE,https://m.media-amazon.com/images/S/assets.wholefoodsmarket.com/PIE/product/62d09a75357c9d0b3229ae04_0057836930032-glamor-front-2022-03-14t20-43-29-iphone-x-quality-90-1-29-0-user-5984ad42a967f880524de2c4-zcur-527619.jpg,https://www.wholefoodsmarket.com/product/sunset-produce-organic-wild-wonder-tomatoes-b08485zzbw
Produce,Fresh Fruit,ORGANIC SWEET BITES速 SNACKING TOMATOES ON-THE-VINE,Sunset,https://m.media-amazon.com/images/S/assets.wholefoodsmarket.com/PIE/product/65f8bc5af185510965a7620a_2024-03-18_22-12-50_front.main.jpg,https://www.wholefoodsmarket.com/product/sunset-organic-sweet-bites-snacking-tomatoes-onthevine-b0cw3d6kst
Produce,Fresh Fruit,ORGANIC SWEET BITES速 SNACKING TOMATOES ON-THE-VINE,Sunset,https://m.media-amazon.com/images/S/assets.wholefoodsmarket.com/PIE/product/65f8bc5af185510965a7620a_2024-03-18_22-12-50_front.main.jpg,https://www.wholefoodsmarket.com/product/sunset-organic-sweet-bites-snacking-tomatoes-onthevine-b0cw3d6kst
Produce,Fresh Fruit,Kumato Tomato,Sunset,https://m.media-amazon.com/images/S/assets.wholefoodsmarket.com/PIE/product/577432db7578670fc866c574_sunset_kumatotomatoes.1.jpg,https://www.wholefoodsmarket.com/product/sunset-kumato-tomato-b00axfa0sy
Produce,Fresh Fruit,Kumato Tomato,Sunset,https://m.media-amazon.com/images/S/assets.wholefoodsmarket.com/PIE/product/577432db7578670fc866c574_sunset_kumatotomatoes.1.jpg,https://www.wholefoodsmarket.com/product/sunset-kumato-tomato-b00axfa0sy
Produce,Fresh Fruit,Organic Medjool Dates,Sun Date,https://m.media-amazon.com/images/S/assets.wholefoodsmarket.com/PIE/product/5ef0bec19e0e1489f6f1f35e_00631803000357-glamor-frontpackageglamor-2020-06-03t16-31-38-pixel-3a-quality-90-1-21-1-user-5984ad42a967f880524de2c4-idfq-280363.jpg,https://www.wholefoodsmarket.com/product/sun-date-organic-medjool-dates-b00c0tilqy
Produce,Fresh Fruit,Organic Medjool Dates,Sun Date,https://m.media-amazon.com/images/S/assets.wholefoodsmarket.com/PIE/product/5ef0bec19e0e1489f6f1f35e_00631803000357-glamor-frontpackageglamor-2020-06-03t16-31-38-pixel-3a-quality-90-1-21-1-user-5984ad42a967f880524de2c4-idfq-280363.jpg,https://www.wholefoodsmarket.com/product/sun-date-organic-medjool-dates-b00c0tilqy
Produce,Fresh Fruit,Organic Candy Snap Grapes,Sun Pacific,https://m.media-amazon.com/images/S/assets.wholefoodsmarket.com/PIE/product/631bc546354bb67c62f2f375_0014668751501-glamor-front-2022-09-01t18-19-54-iphone-x-quality-100-1-31-0-user-5984ad42a967f880524de2c4-n0jd-848644.jpg,https://www.wholefoodsmarket.com/product/sun-pacific-organic-candy-snap-grapes-b0b8fkf9c5
Produce,Fresh Fruit,Organic Candy Snap Grapes,Sun Pacific,https://m.media-amazon.com/images/S/assets.wholefoodsmarket.com/PIE/product/631bc546354bb67c62f2f375_0014668751501-glamor-front-2022-09-01t18-19-54-iphone-x-quality-100-1-31-0-user-5984ad42a967f880524de2c4-n0jd-848644.jpg,https://www.wholefoodsmarket.com/product/sun-pacific-organic-candy-snap-grapes-b0b8fkf9c5
Produce,Fresh Fruit,Cherry Tomatoes,PRODUCE,https://m.media-amazon.com/images/S/assets.wholefoodsmarket.com/PIE/product/5aa19aa02331f6df83b101fd_cherrytomatoes.JPG,https://www.wholefoodsmarket.com/product/produce-cherry-tomatoes-b07g4qwrnf
Produce,Fresh Fruit,Cherry Tomatoes,PRODUCE,https://m.media-amazon.com/images/S/assets.wholefoodsmarket.com/PIE/product/5aa19aa02331f6df83b101fd_cherrytomatoes.JPG,https://www.wholefoodsmarket.com/product/produce-cherry-tomatoes-b07g4qwrnf
Produce,Fresh Fruit,Row 7 Organic Midnight Roma Tomato,Row 7 Seed Company,https://m.media-amazon.com/images/S/assets.wholefoodsmarket.com/PIE/product/6671f3e14cd27d2a6e11fe34_2024-06-18_20-54-08_front.main.jpg,https://www.wholefoodsmarket.com/product/row-7-seed-company-row-7-organic-midnight-roma-tomato-b0cd7r5b5j
Produce,Fresh Fruit,Row 7 Organic Midnight Roma Tomato,Row 7 Seed Company,https://m.media-amazon.com/images/S/assets.wholefoodsmarket.com/PIE/product/6671f3e14cd27d2a6e11fe34_2024-06-18_20-54-08_front.main.jpg,https://www.wholefoodsmarket.com/product/row-7-seed-company-row-7-organic-midnight-roma-tomato-b0cd7r5b5j
Produce,Fresh Fruit,Organic Pomegranate,PRODUCE,https://m.media-amazon.com/images/S/assets.wholefoodsmarket.com/PIE/product/580a7ef428c87b4137c70f24_produce-freshvegetables-pomegranate-0785.jpg,https://www.wholefoodsmarket.com/product/produce-organic-pomegranate-b07fz82x4t
Produce,Fresh Fruit,Organic Pomegranate,PRODUCE,https://m.media-amazon.com/images/S/assets.wholefoodsmarket.com/PIE/product/580a7ef428c87b4137c70f24_produce-freshvegetables-pomegranate-0785.jpg,https://www.wholefoodsmarket.com/product/produce-organic-pomegranate-b07fz82x4t
Produce,Fresh Fruit,Organic Jonagold Apple,PRODUCE,https://m.media-amazon.com/images/S/assets.wholefoodsmarket.com/PIE/product/582cb6543760a8d23dcceedc_produce-freshfruits-94147-jonagoldapple.jpg,https://www.wholefoodsmarket.com/product/produce-organic-jonagold-apple-b07fzglqvg
Produce,Fresh Fruit,Organic Jonagold Apple,PRODUCE,https://m.media-amazon.com/images/S/assets.wholefoodsmarket.com/PIE/product/582cb6543760a8d23dcceedc_produce-freshfruits-94147-jonagoldapple.jpg,https://www.wholefoodsmarket.com/product/produce-organic-jonagold-apple-b07fzglqvg
Produce,Fresh Fruit,Organic Cripps Pink Apple,PRODUCE,https://m.media-amazon.com/images/S/assets.wholefoodsmarket.com/PIE/product/56e804dff6e8791100e80023_365_-pink-lady-apple.1.jpg,https://www.wholefoodsmarket.com/product/produce-organic-cripps-pink-apple-b005kcihty
Produce,Fresh Fruit,Organic Cripps Pink Apple,PRODUCE,https://m.media-amazon.com/images/S/assets.wholefoodsmarket.com/PIE/product/56e804dff6e8791100e80023_365_-pink-lady-apple.1.jpg,https://www.wholefoodsmarket.com/product/produce-organic-cripps-pink-apple-b005kcihty
Produce,Fresh Fruit,Organic Seedless Mini Watermelon,PRODUCE,https://m.media-amazon.com/images/S/assets.wholefoodsmarket.com/PIE/product/57224911d460e811003ca39b_2023-03-09_21-49-36_front.main.jpg,https://www.wholefoodsmarket.com/product/produce-organic-seedless-mini-watermelon-b09gsqy96h
Produce,Fresh Fruit,Organic Seedless Mini Watermelon,PRODUCE,https://m.media-amazon.com/images/S/assets.wholefoodsmarket.com/PIE/product/57224911d460e811003ca39b_2023-03-09_21-49-36_front.main.jpg,https://www.wholefoodsmarket.com/product/produce-organic-seedless-mini-watermelon-b09gsqy96h
Produce,Fresh Fruit,Organic Opal Apple,PRODUCE,https://m.media-amazon.com/images/S/assets.wholefoodsmarket.com/PIE/product/5dc2d0cb4e5343e6d881c4dc_582cae15b6c77dbccfccbb69-produce-freshfruits-93618-opalapple.jpg,https://www.wholefoodsmarket.com/product/produce-organic-opal-apple-b07jn25ky5
Produce,Fresh Fruit,Organic Opal Apple,PRODUCE,https://m.media-amazon.com/images/S/assets.wholefoodsmarket.com/PIE/product/5dc2d0cb4e5343e6d881c4dc_582cae15b6c77dbccfccbb69-produce-freshfruits-93618-opalapple.jpg,https://www.wholefoodsmarket.com/product/produce-organic-opal-apple-b07jn25ky5
Produce,Fresh Fruit,Yellow Peach,PRODUCE,https://m.media-amazon.com/images/S/assets.wholefoodsmarket.com/PIE/product/58d4306327dc222d5b81f3ee_produce-treeripenedyellowpeaches-1.JPG,https://www.wholefoodsmarket.com/product/produce-yellow-peach-b07j6y2k75
Produce,Fresh Fruit,Yellow Peach,PRODUCE,https://m.media-amazon.com/images/S/assets.wholefoodsmarket.com/PIE/product/58d4306327dc222d5b81f3ee_produce-treeripenedyellowpeaches-1.JPG,https://www.wholefoodsmarket.com/product/produce-yellow-peach-b07j6y2k75
Produce,Fresh Fruit,Melogold Grapefruit,PRODUCE,https://m.media-amazon.com/images/S/assets.wholefoodsmarket.com/PIE/product/5dd6c0c6d58fd56d436e02e1_5dd6c09661986b6cb8bc8b09-pomelo.jpg,https://www.wholefoodsmarket.com/product/produce-melogold-grapefruit-b07fyypkxm
Produce,Fresh Fruit,Melogold Grapefruit,PRODUCE,https://m.media-amazon.com/images/S/assets.wholefoodsmarket.com/PIE/product/5dd6c0c6d58fd56d436e02e1_5dd6c09661986b6cb8bc8b09-pomelo.jpg,https://www.wholefoodsmarket.com/product/produce-melogold-grapefruit-b07fyypkxm
Produce,Fresh Fruit,Organic Sugarbee Apple,PRODUCE,https://m.media-amazon.com/images/S/assets.wholefoodsmarket.com/PIE/product/5d5dc75ef952159e67bc2c57_galaapples.jpg,https://www.wholefoodsmarket.com/product/produce-organic-sugarbee-apple-b07nqdtd7d
Produce,Fresh Fruit,Organic Sugarbee Apple,PRODUCE,https://m.media-amazon.com/images/S/assets.wholefoodsmarket.com/PIE/product/5d5dc75ef952159e67bc2c57_galaapples.jpg,https://www.wholefoodsmarket.com/product/produce-organic-sugarbee-apple-b07nqdtd7d
Produce,Fresh Fruit,Mandarin Bag,PRODUCE,https://m.media-amazon.com/images/S/assets.wholefoodsmarket.com/PIE/product/59231337d8a00307702fc146_produce-packaged-vegetables-fruits-mandarins.jpg,https://www.wholefoodsmarket.com/product/produce-mandarin-bag-b01m2vfycn
Produce,Fresh Fruit,Mandarin Bag,PRODUCE,https://m.media-amazon.com/images/S/assets.wholefoodsmarket.com/PIE/product/59231337d8a00307702fc146_produce-packaged-vegetables-fruits-mandarins.jpg,https://www.wholefoodsmarket.com/product/produce-mandarin-bag-b01m2vfycn
Produce,Fresh Fruit,Organic Hachiya Persimmon,PRODUCE,https://m.media-amazon.com/images/S/assets.wholefoodsmarket.com/PIE/product/653c1dea4a463c09fdf003a3_2023-10-27_20-30-42_front.main.jpg,https://www.wholefoodsmarket.com/product/produce-organic-hachiya-persimmon-b07fyy7hhh
Produce,Fresh Fruit,Organic Hachiya Persimmon,PRODUCE,https://m.media-amazon.com/images/S/assets.wholefoodsmarket.com/PIE/product/653c1dea4a463c09fdf003a3_2023-10-27_20-30-42_front.main.jpg,https://www.wholefoodsmarket.com/product/produce-organic-hachiya-persimmon-b07fyy7hhh
Produce,Fresh Fruit,Organic Large Hass Avocados,PRODUCE,https://m.media-amazon.com/images/S/assets.wholefoodsmarket.com/PIE/product/575f2594d59d0103e5ac59c2_2023-03-30_12-33-18_front.main.jpg,https://www.wholefoodsmarket.com/product/produce-organic-large-hass-avocados-b0014glse6
Produce,Fresh Fruit,Organic Large Hass Avocados,PRODUCE,https://m.media-amazon.com/images/S/assets.wholefoodsmarket.com/PIE/product/575f2594d59d0103e5ac59c2_2023-03-30_12-33-18_front.main.jpg,https://www.wholefoodsmarket.com/product/produce-organic-large-hass-avocados-b0014glse6
Produce,Fresh Fruit,Comice Pear,PRODUCE,https://m.media-amazon.com/images/S/assets.wholefoodsmarket.com/PIE/product/5821092d0b1b28572e453ba3_2023-03-07_14-07-31_front.main.jpg,https://www.wholefoodsmarket.com/product/produce-comice-pear-b000p6j0wi
Produce,Fresh Fruit,Comice Pear,PRODUCE,https://m.media-amazon.com/images/S/assets.wholefoodsmarket.com/PIE/product/5821092d0b1b28572e453ba3_2023-03-07_14-07-31_front.main.jpg,https://www.wholefoodsmarket.com/product/produce-comice-pear-b000p6j0wi
Produce,Fresh Fruit,Organic Yellow Peach,PRODUCE,https://m.media-amazon.com/images/S/assets.wholefoodsmarket.com/PIE/product/57892d41808ed8290ce339bb_2023-03-18_13-33-12_front.main.jpg,https://www.wholefoodsmarket.com/product/produce-organic-yellow-peach-b000p6l4bi
Produce,Fresh Fruit,Organic Yellow Peach,PRODUCE,https://m.media-amazon.com/images/S/assets.wholefoodsmarket.com/PIE/product/57892d41808ed8290ce339bb_2023-03-18_13-33-12_front.main.jpg,https://www.wholefoodsmarket.com/product/produce-organic-yellow-peach-b000p6l4bi
Produce,Fresh Fruit,Organic Green Seedless Grapes,PRODUCE,https://m.media-amazon.com/images/S/assets.wholefoodsmarket.com/PIE/product/56eedcd00f08811100d9aaf0_2023-03-31_14-11-41_front.main.jpg,https://www.wholefoodsmarket.com/product/produce-organic-green-seedless-grapes-b000rgznao
Produce,Fresh Fruit,Organic Green Seedless Grapes,PRODUCE,https://m.media-amazon.com/images/S/assets.wholefoodsmarket.com/PIE/product/56eedcd00f08811100d9aaf0_2023-03-31_14-11-41_front.main.jpg,https://www.wholefoodsmarket.com/product/produce-organic-green-seedless-grapes-b000rgznao
Produce,Fresh Fruit,Organic Lemon Bag,PRODUCE,https://m.media-amazon.com/images/S/assets.wholefoodsmarket.com/PIE/product/57cdc4478d64675e5508e600_produce-lemonbag-1.jpg,https://www.wholefoodsmarket.com/product/produce-organic-lemon-bag-b0792p6wbp
Produce,Fresh Fruit,Organic Lemon Bag,PRODUCE,https://m.media-amazon.com/images/S/assets.wholefoodsmarket.com/PIE/product/57cdc4478d64675e5508e600_produce-lemonbag-1.jpg,https://www.wholefoodsmarket.com/product/produce-organic-lemon-bag-b0792p6wbp
Produce,Fresh Fruit,Fuyu Persimmon,PRODUCE,https://m.media-amazon.com/images/S/assets.wholefoodsmarket.com/PIE/product/6377d6232744e40a0a9640e3_00000000094428-a1c1.jpg,https://www.wholefoodsmarket.com/product/produce-fuyu-persimmon-b07kh97ys8
Produce,Fresh Fruit,Fuyu Persimmon,PRODUCE,https://m.media-amazon.com/images/S/assets.wholefoodsmarket.com/PIE/product/6377d6232744e40a0a9640e3_00000000094428-a1c1.jpg,https://www.wholefoodsmarket.com/product/produce-fuyu-persimmon-b07kh97ys8
Produce,Fresh Fruit,Pummelo Grapefruit,PRODUCE,https://m.media-amazon.com/images/S/assets.wholefoodsmarket.com/PIE/product/582cb70dddf49cd237e1dcb8_produce-freshfruits-pummelograpefruit.jpg,https://www.wholefoodsmarket.com/product/produce-pummelo-grapefruit-b000rgyj3q
Produce,Fresh Fruit,Pummelo Grapefruit,PRODUCE,https://m.media-amazon.com/images/S/assets.wholefoodsmarket.com/PIE/product/582cb70dddf49cd237e1dcb8_produce-freshfruits-pummelograpefruit.jpg,https://www.wholefoodsmarket.com/product/produce-pummelo-grapefruit-b000rgyj3q
Produce,Fresh Fruit,Organic Ambrosia Apple,PRODUCE,https://m.media-amazon.com/images/S/assets.wholefoodsmarket.com/PIE/product/58d420b76575dc2d55bd62cf_produce-ambrosiaapples.jpg,https://www.wholefoodsmarket.com/product/produce-organic-ambrosia-apple-b01leyfwq2
Produce,Fresh Fruit,Organic Ambrosia Apple,PRODUCE,https://m.media-amazon.com/images/S/assets.wholefoodsmarket.com/PIE/product/58d420b76575dc2d55bd62cf_produce-ambrosiaapples.jpg,https://www.wholefoodsmarket.com/product/produce-organic-ambrosia-apple-b01leyfwq2
Produce,Fresh Fruit,Raspberries,PRODUCE,https://m.media-amazon.com/images/S/assets.wholefoodsmarket.com/PIE/product/56e70dd5c5cb2f11004367b0_2024-05-07_19-52-23_front.main.jpg,https://www.wholefoodsmarket.com/product/produce-raspberries-b000p6g12u
Produce,Fresh Fruit,Raspberries,PRODUCE,https://m.media-amazon.com/images/S/assets.wholefoodsmarket.com/PIE/product/56e70dd5c5cb2f11004367b0_2024-05-07_19-52-23_front.main.jpg,https://www.wholefoodsmarket.com/product/produce-raspberries-b000p6g12u
Produce,Fresh Fruit,Organic Heirloom Tomatoes,PRODUCE,https://m.media-amazon.com/images/S/assets.wholefoodsmarket.com/PIE/product/5d6671bf467302e8178c89fb_produce-heirloom-tomatoes-1.jpg,https://www.wholefoodsmarket.com/product/produce-organic-heirloom-tomatoes-b000p6x5a6
Produce,Fresh Fruit,Organic Heirloom Tomatoes,PRODUCE,https://m.media-amazon.com/images/S/assets.wholefoodsmarket.com/PIE/product/5d6671bf467302e8178c89fb_produce-heirloom-tomatoes-1.jpg,https://www.wholefoodsmarket.com/product/produce-organic-heirloom-tomatoes-b000p6x5a6
Produce,Fresh Fruit,Organic Bosc Pear,PRODUCE,https://m.media-amazon.com/images/S/assets.wholefoodsmarket.com/PIE/product/653c1dea4a463c7539f003dc_2023-10-27_20-30-44_front.main.jpg,https://www.wholefoodsmarket.com/product/produce-organic-bosc-pear-b003tqbykc
Produce,Fresh Fruit,Organic Bosc Pear,PRODUCE,https://m.media-amazon.com/images/S/assets.wholefoodsmarket.com/PIE/product/653c1dea4a463c7539f003dc_2023-10-27_20-30-44_front.main.jpg,https://www.wholefoodsmarket.com/product/produce-organic-bosc-pear-b003tqbykc
Produce,Fresh Fruit,Extra Large Hass Avocados,PRODUCE,https://m.media-amazon.com/images/S/assets.wholefoodsmarket.com/PIE/product/56e4a5edf7c6bd1100c9b400_365_-hass-avocado.1.jpg,https://www.wholefoodsmarket.com/product/produce-extra-large-hass-avocados-b0b2w8hbz8
Produce,Fresh Fruit,Extra Large Hass Avocados,PRODUCE,https://m.media-amazon.com/images/S/assets.wholefoodsmarket.com/PIE/product/56e4a5edf7c6bd1100c9b400_365_-hass-avocado.1.jpg,https://www.wholefoodsmarket.com/product/produce-extra-large-hass-avocados-b0b2w8hbz8
Produce,Fresh Fruit,Organic Red Cherries,PRODUCE,https://m.media-amazon.com/images/S/assets.wholefoodsmarket.com/PIE/product/57992f09bc9f081f3946cddc_produce-cherries-1.jpg,https://www.wholefoodsmarket.com/product/produce-organic-red-cherries-b07fzf2t5f
Produce,Fresh Fruit,Organic Red Cherries,PRODUCE,https://m.media-amazon.com/images/S/assets.wholefoodsmarket.com/PIE/product/57992f09bc9f081f3946cddc_produce-cherries-1.jpg,https://www.wholefoodsmarket.com/product/produce-organic-red-cherries-b07fzf2t5f
Produce,Fresh Fruit,Seedless Mini Watermelon,PRODUCE,https://m.media-amazon.com/images/S/assets.wholefoodsmarket.com/PIE/product/572248e9d460e811003ca398_365_-baby-seedless-watermelon.2.jpg,https://www.wholefoodsmarket.com/product/produce-seedless-mini-watermelon-b0b1jj6w1l
Produce,Fresh Fruit,Seedless Mini Watermelon,PRODUCE,https://m.media-amazon.com/images/S/assets.wholefoodsmarket.com/PIE/product/572248e9d460e811003ca398_365_-baby-seedless-watermelon.2.jpg,https://www.wholefoodsmarket.com/product/produce-seedless-mini-watermelon-b0b1jj6w1l
Produce,Fresh Fruit,Organic Red Seedless Grapes,PRODUCE,https://m.media-amazon.com/images/S/assets.wholefoodsmarket.com/PIE/product/56f5ae02124b0111001bca27_56debc5ee392911100b81962_generic_-red-seedless-grapes_fop.jpg,https://www.wholefoodsmarket.com/product/produce-organic-red-seedless-grapes-b000rgyji6
Produce,Fresh Fruit,Organic Red Seedless Grapes,PRODUCE,https://m.media-amazon.com/images/S/assets.wholefoodsmarket.com/PIE/product/56f5ae02124b0111001bca27_56debc5ee392911100b81962_generic_-red-seedless-grapes_fop.jpg,https://www.wholefoodsmarket.com/product/produce-organic-red-seedless-grapes-b000rgyji6
Produce,Fresh Fruit,Organic Fuyu Persimmon,PRODUCE,https://m.media-amazon.com/images/S/assets.wholefoodsmarket.com/PIE/product/637673754d8c1d7e087f10e6_94428-a1c1.jpg,https://www.wholefoodsmarket.com/product/produce-organic-fuyu-persimmon-b07fzgmzrx
Produce,Fresh Fruit,Organic Fuyu Persimmon,PRODUCE,https://m.media-amazon.com/images/S/assets.wholefoodsmarket.com/PIE/product/637673754d8c1d7e087f10e6_94428-a1c1.jpg,https://www.wholefoodsmarket.com/product/produce-organic-fuyu-persimmon-b07fzgmzrx
Produce,Fresh Fruit,Organic Honeycrisp Apple,PRODUCE,https://m.media-amazon.com/images/S/assets.wholefoodsmarket.com/PIE/product/66bd1da136a8a7a59cbd716a_2024-08-15_14-47-53_front.main.jpg,https://www.wholefoodsmarket.com/product/produce-organic-honeycrisp-apple-b001gip2a8
Produce,Fresh Fruit,Organic Honeycrisp Apple,PRODUCE,https://m.media-amazon.com/images/S/assets.wholefoodsmarket.com/PIE/product/66bd1da136a8a7a59cbd716a_2024-08-15_14-47-53_front.main.jpg,https://www.wholefoodsmarket.com/product/produce-organic-honeycrisp-apple-b001gip2a8
Produce,Fresh Fruit,Organic Lime Bag,PRODUCE,https://m.media-amazon.com/images/S/assets.wholefoodsmarket.com/PIE/product/5f19acffbc1ce0c21c31ac6e_56e636aa9cdbb71100152164-365-limes-2.jpg,https://www.wholefoodsmarket.com/product/produce-organic-lime-bag-b0792nt1vj
Produce,Fresh Fruit,Organic Lime Bag,PRODUCE,https://m.media-amazon.com/images/S/assets.wholefoodsmarket.com/PIE/product/5f19acffbc1ce0c21c31ac6e_56e636aa9cdbb71100152164-365-limes-2.jpg,https://www.wholefoodsmarket.com/product/produce-organic-lime-bag-b0792nt1vj
Produce,Fresh Fruit,Organic Fuji Apples,PRODUCE,https://m.media-amazon.com/images/S/assets.wholefoodsmarket.com/PIE/product/5789082fd6c9ac33305ff23e_produce_ogfujiapple.1.jpg,https://www.wholefoodsmarket.com/product/produce-organic-fuji-apples-b000ytxxdi
Produce,Fresh Fruit,Organic Fuji Apples,PRODUCE,https://m.media-amazon.com/images/S/assets.wholefoodsmarket.com/PIE/product/5789082fd6c9ac33305ff23e_produce_ogfujiapple.1.jpg,https://www.wholefoodsmarket.com/product/produce-organic-fuji-apples-b000ytxxdi
Produce,Fresh Fruit,Red Cherries,PRODUCE,https://m.media-amazon.com/images/S/assets.wholefoodsmarket.com/PIE/product/601c194d97e3c63f5a861972_00000000004045-glamor-frontpackageglamor-2021-01-22t16-30-25-iphone-x-quality-90-1-21-8-user-5984ad42a967f880524de2c4-dmdo-199463.jpg,https://www.wholefoodsmarket.com/product/produce-red-cherries-b07kgl8z87
Produce,Fresh Fruit,Red Cherries,PRODUCE,https://m.media-amazon.com/images/S/assets.wholefoodsmarket.com/PIE/product/601c194d97e3c63f5a861972_00000000004045-glamor-frontpackageglamor-2021-01-22t16-30-25-iphone-x-quality-90-1-21-8-user-5984ad42a967f880524de2c4-dmdo-199463.jpg,https://www.wholefoodsmarket.com/product/produce-red-cherries-b07kgl8z87
Produce,Fresh Fruit,Daisy Mandarin,PRODUCE,https://m.media-amazon.com/images/S/assets.wholefoodsmarket.com/PIE/product/56e77d36f6e8791100e7fffe_365_-minneola-tangelos.4.jpg,https://www.wholefoodsmarket.com/product/produce-daisy-mandarin-b07hm1jc72
Produce,Fresh Fruit,Daisy Mandarin,PRODUCE,https://m.media-amazon.com/images/S/assets.wholefoodsmarket.com/PIE/product/56e77d36f6e8791100e7fffe_365_-minneola-tangelos.4.jpg,https://www.wholefoodsmarket.com/product/produce-daisy-mandarin-b07hm1jc72
Produce,Fresh Fruit,Black Plum,PRODUCE,https://m.media-amazon.com/images/S/assets.wholefoodsmarket.com/PIE/product/57865fbc0575b6313c867a46_produce_blackplum.1.jpg,https://www.wholefoodsmarket.com/product/produce-black-plum-b0787y63tn
Produce,Fresh Fruit,Black Plum,PRODUCE,https://m.media-amazon.com/images/S/assets.wholefoodsmarket.com/PIE/product/57865fbc0575b6313c867a46_produce_blackplum.1.jpg,https://www.wholefoodsmarket.com/product/produce-black-plum-b0787y63tn
Produce,Fresh Fruit,Bartlett Pear,PRODUCE,https://m.media-amazon.com/images/S/assets.wholefoodsmarket.com/PIE/product/671fdc07fb12eb4679fadeea_2024-10-28_18-49-23_front.main.jpg,https://www.wholefoodsmarket.com/product/produce-bartlett-pear-b001tbngg4
Produce,Fresh Fruit,Bartlett Pear,PRODUCE,https://m.media-amazon.com/images/S/assets.wholefoodsmarket.com/PIE/product/671fdc07fb12eb4679fadeea_2024-10-28_18-49-23_front.main.jpg,https://www.wholefoodsmarket.com/product/produce-bartlett-pear-b001tbngg4
Produce,Fresh Fruit,Minneola Tangelo,PRODUCE,https://m.media-amazon.com/images/S/assets.wholefoodsmarket.com/PIE/product/56e77c59f6e8791100e7fffd_365_-minneola-tangelos.1.jpg,https://www.wholefoodsmarket.com/product/produce-minneola-tangelo-b000p6l3za
Produce,Fresh Fruit,Minneola Tangelo,PRODUCE,https://m.media-amazon.com/images/S/assets.wholefoodsmarket.com/PIE/product/56e77c59f6e8791100e7fffd_365_-minneola-tangelos.1.jpg,https://www.wholefoodsmarket.com/product/produce-minneola-tangelo-b000p6l3za
Produce,Fresh Fruit,Organic Lady Alice Apple,PRODUCE,https://m.media-amazon.com/images/S/assets.wholefoodsmarket.com/PIE/product/58866a6263ea619d6be8aba1_tilapia0709.jpg,https://www.wholefoodsmarket.com/product/produce-organic-lady-alice-apple-b0050prhsi
Produce,Fresh Fruit,Organic Lady Alice Apple,PRODUCE,https://m.media-amazon.com/images/S/assets.wholefoodsmarket.com/PIE/product/58866a6263ea619d6be8aba1_tilapia0709.jpg,https://www.wholefoodsmarket.com/product/produce-organic-lady-alice-apple-b0050prhsi
Produce,Fresh Fruit,Organic Green Kiwi,PRODUCE,https://m.media-amazon.com/images/S/assets.wholefoodsmarket.com/PIE/product/572252c3d460e811003ca3d2_produce_-kiwi.2.jpg,https://www.wholefoodsmarket.com/product/produce-organic-green-kiwi-b07lft2c9h
Produce,Fresh Fruit,Organic Green Kiwi,PRODUCE,https://m.media-amazon.com/images/S/assets.wholefoodsmarket.com/PIE/product/572252c3d460e811003ca3d2_produce_-kiwi.2.jpg,https://www.wholefoodsmarket.com/product/produce-organic-green-kiwi-b07lft2c9h
Produce,Fresh Fruit,Blood Orange,PRODUCE,https://m.media-amazon.com/images/S/assets.wholefoodsmarket.com/PIE/product/5797c318757eb9e31a4d3bbc_produce-navelorange-1.JPG,https://www.wholefoodsmarket.com/product/produce-blood-orange-b000p6l3i2
Produce,Fresh Fruit,Blood Orange,PRODUCE,https://m.media-amazon.com/images/S/assets.wholefoodsmarket.com/PIE/product/5797c318757eb9e31a4d3bbc_produce-navelorange-1.JPG,https://www.wholefoodsmarket.com/product/produce-blood-orange-b000p6l3i2
Produce,Fresh Fruit,Organic Red Pear,PRODUCE,https://m.media-amazon.com/images/S/assets.wholefoodsmarket.com/PIE/product/56f80fc6764e421100f48212_bartlett-pear.1.jpg,https://www.wholefoodsmarket.com/product/produce-organic-red-pear-b0787y4dr1
Produce,Fresh Fruit,Organic Red Pear,PRODUCE,https://m.media-amazon.com/images/S/assets.wholefoodsmarket.com/PIE/product/56f80fc6764e421100f48212_bartlett-pear.1.jpg,https://www.wholefoodsmarket.com/product/produce-organic-red-pear-b0787y4dr1
Produce,Fresh Fruit,Organic Cantaloupe,PRODUCE,https://m.media-amazon.com/images/S/assets.wholefoodsmarket.com/PIE/product/66bd1da136a8a76893bd715e_2024-08-15_14-54-35_front.main.jpg,https://www.wholefoodsmarket.com/product/produce-organic-cantaloupe-b001gip5e6
Produce,Fresh Fruit,Organic Cantaloupe,PRODUCE,https://m.media-amazon.com/images/S/assets.wholefoodsmarket.com/PIE/product/66bd1da136a8a76893bd715e_2024-08-15_14-54-35_front.main.jpg,https://www.wholefoodsmarket.com/product/produce-organic-cantaloupe-b001gip5e6
Produce,Fresh Fruit,Organic Gala Apples,PRODUCE,https://m.media-amazon.com/images/S/assets.wholefoodsmarket.com/PIE/product/5762c7271df659c89b2b1f92_produce_galaapple.1.jpg,https://www.wholefoodsmarket.com/product/produce-organic-gala-apples-b001gip5ci
Produce,Fresh Fruit,Organic Gala Apples,PRODUCE,https://m.media-amazon.com/images/S/assets.wholefoodsmarket.com/PIE/product/5762c7271df659c89b2b1f92_produce_galaapple.1.jpg,https://www.wholefoodsmarket.com/product/produce-organic-gala-apples-b001gip5ci
Produce,Fresh Fruit,Red Grapefruit,PRODUCE,https://m.media-amazon.com/images/S/assets.wholefoodsmarket.com/PIE/product/578663612a022d2c3c0d4562_produe_redpinkgrapefruit.1.jpg,https://www.wholefoodsmarket.com/product/produce-red-grapefruit-b000nsiaga
Produce,Fresh Fruit,Red Grapefruit,PRODUCE,https://m.media-amazon.com/images/S/assets.wholefoodsmarket.com/PIE/product/578663612a022d2c3c0d4562_produe_redpinkgrapefruit.1.jpg,https://www.wholefoodsmarket.com/product/produce-red-grapefruit-b000nsiaga
Produce,Fresh Fruit,Organic Lemons,PRODUCE,https://m.media-amazon.com/images/S/assets.wholefoodsmarket.com/PIE/product/56e7133bc5cb2f11004367b5_lemons.3.jpg,https://www.wholefoodsmarket.com/product/produce-organic-lemons-b000p6g0u8
Produce,Fresh Fruit,Organic Lemons,PRODUCE,https://m.media-amazon.com/images/S/assets.wholefoodsmarket.com/PIE/product/56e7133bc5cb2f11004367b5_lemons.3.jpg,https://www.wholefoodsmarket.com/product/produce-organic-lemons-b000p6g0u8
Produce,Fresh Fruit,Medium Hass Avocado,PRODUCE,https://m.media-amazon.com/images/S/assets.wholefoodsmarket.com/PIE/product/56e4a5edf7c6bd1100c9b400_365_-hass-avocado.1.jpg,https://www.wholefoodsmarket.com/product/produce-medium-hass-avocado-b000nogkn4
Produce,Fresh Fruit,Medium Hass Avocado,PRODUCE,https://m.media-amazon.com/images/S/assets.wholefoodsmarket.com/PIE/product/56e4a5edf7c6bd1100c9b400_365_-hass-avocado.1.jpg,https://www.wholefoodsmarket.com/product/produce-medium-hass-avocado-b000nogkn4
Produce,Fresh Fruit,Cantaloupe,PRODUCE,https://m.media-amazon.com/images/S/assets.wholefoodsmarket.com/PIE/product/56e31ddf3467d71100e3a1e3_365_-cantaloupe-melon.1.jpg,https://www.wholefoodsmarket.com/product/produce-cantaloupe-b000nsgulc
Produce,Fresh Fruit,Cantaloupe,PRODUCE,https://m.media-amazon.com/images/S/assets.wholefoodsmarket.com/PIE/product/56e31ddf3467d71100e3a1e3_365_-cantaloupe-melon.1.jpg,https://www.wholefoodsmarket.com/product/produce-cantaloupe-b000nsgulc
Produce,Fresh Fruit,Seedless Lemon 1lb Bag,PRODUCE,https://m.media-amazon.com/images/S/assets.wholefoodsmarket.com/PIE/product/5e628f7d6c0f6f193d01f077_00072240546785-glamor-frontpackageglamor-2020-02-20t16-40-54-iphone-7-quality-90-1-20-1-user-5e2e5dcf50cecee5f0c8fc82-hosz-434358.jpg,https://www.wholefoodsmarket.com/product/produce-seedless-lemon-1lb-bag-b084tm51xp
Produce,Fresh Fruit,Seedless Lemon 1lb Bag,PRODUCE,https://m.media-amazon.com/images/S/assets.wholefoodsmarket.com/PIE/product/5e628f7d6c0f6f193d01f077_00072240546785-glamor-frontpackageglamor-2020-02-20t16-40-54-iphone-7-quality-90-1-20-1-user-5e2e5dcf50cecee5f0c8fc82-hosz-434358.jpg,https://www.wholefoodsmarket.com/product/produce-seedless-lemon-1lb-bag-b084tm51xp
Produce,Fresh Fruit,Seedless Red Holiday Grapes,PRODUCE,https://m.media-amazon.com/images/S/assets.wholefoodsmarket.com/PIE/product/653c1d954a463c6420effd1d_2023-10-27_20-29-20_front.main.jpg,https://www.wholefoodsmarket.com/product/produce-seedless-red-holiday-grapes-b08j87sxfy
Produce,Fresh Fruit,Seedless Red Holiday Grapes,PRODUCE,https://m.media-amazon.com/images/S/assets.wholefoodsmarket.com/PIE/product/653c1d954a463c6420effd1d_2023-10-27_20-29-20_front.main.jpg,https://www.wholefoodsmarket.com/product/produce-seedless-red-holiday-grapes-b08j87sxfy
Produce,Fresh Fruit,Honeycrisp Apples,PRODUCE,https://m.media-amazon.com/images/S/assets.wholefoodsmarket.com/PIE/product/578907d409e60e4530669093_produce_honeycrispapple.1.jpg,https://www.wholefoodsmarket.com/product/produce-honeycrisp-apples-b000rgzmtq
Produce,Fresh Fruit,Honeycrisp Apples,PRODUCE,https://m.media-amazon.com/images/S/assets.wholefoodsmarket.com/PIE/product/578907d409e60e4530669093_produce_honeycrispapple.1.jpg,https://www.wholefoodsmarket.com/product/produce-honeycrisp-apples-b000rgzmtq
Produce,Fresh Fruit,Keitt Mango,PRODUCE,https://m.media-amazon.com/images/S/assets.wholefoodsmarket.com/PIE/product/583de76f6182a3758ae51664_produce-freshvegetables-93114-mango.jpg,https://www.wholefoodsmarket.com/product/produce-keitt-mango-b07hfnw2d6
Produce,Fresh Fruit,Keitt Mango,PRODUCE,https://m.media-amazon.com/images/S/assets.wholefoodsmarket.com/PIE/product/583de76f6182a3758ae51664_produce-freshvegetables-93114-mango.jpg,https://www.wholefoodsmarket.com/product/produce-keitt-mango-b07hfnw2d6
Produce,Fresh Fruit,Organic Blackberries,PRODUCE,https://m.media-amazon.com/images/S/assets.wholefoodsmarket.com/PIE/product/66bd1da136a8a743ddbd7160_2024-08-15_14-59-23_front.main.jpg,https://www.wholefoodsmarket.com/product/produce-organic-blackberries-b00e3jm7uu
Produce,Fresh Fruit,Organic Blackberries,PRODUCE,https://m.media-amazon.com/images/S/assets.wholefoodsmarket.com/PIE/product/66bd1da136a8a743ddbd7160_2024-08-15_14-59-23_front.main.jpg,https://www.wholefoodsmarket.com/product/produce-organic-blackberries-b00e3jm7uu
Produce,Fresh Fruit,Navel Oranges,PRODUCE,https://m.media-amazon.com/images/S/assets.wholefoodsmarket.com/PIE/product/5797c318757eb9e31a4d3bbc_produce-navelorange-1.JPG,https://www.wholefoodsmarket.com/product/produce-navel-oranges-b000se9nug
Produce,Fresh Fruit,Navel Oranges,PRODUCE,https://m.media-amazon.com/images/S/assets.wholefoodsmarket.com/PIE/product/5797c318757eb9e31a4d3bbc_produce-navelorange-1.JPG,https://www.wholefoodsmarket.com/product/produce-navel-oranges-b000se9nug
Produce,Fresh Fruit,Pomegranate,PRODUCE,https://m.media-amazon.com/images/S/assets.wholefoodsmarket.com/PIE/product/653c1e054a463c1919f00788_2023-10-27_20-31-11_front.main.jpg,https://www.wholefoodsmarket.com/product/produce-pomegranate-b000p6g0yo
Produce,Fresh Fruit,Pomegranate,PRODUCE,https://m.media-amazon.com/images/S/assets.wholefoodsmarket.com/PIE/product/653c1e054a463c1919f00788_2023-10-27_20-31-11_front.main.jpg,https://www.wholefoodsmarket.com/product/produce-pomegranate-b000p6g0yo
Produce,Fresh Fruit,Organic Seedless Watermelon,PRODUCE,https://m.media-amazon.com/images/S/assets.wholefoodsmarket.com/PIE/product/583c620f90e55e65acd73393_produce-freshvegetables-watermelon-0787.jpg,https://www.wholefoodsmarket.com/product/produce-organic-seedless-watermelon-b07hm1jc3h
Produce,Fresh Fruit,Organic Seedless Watermelon,PRODUCE,https://m.media-amazon.com/images/S/assets.wholefoodsmarket.com/PIE/product/583c620f90e55e65acd73393_produce-freshvegetables-watermelon-0787.jpg,https://www.wholefoodsmarket.com/product/produce-organic-seedless-watermelon-b07hm1jc3h
Produce,Fresh Fruit,Young Coconut,PRODUCE,https://m.media-amazon.com/images/S/assets.wholefoodsmarket.com/PIE/product/576325edd01b54d99b8d9a6b_produce_youngcoconut.1.jpg,https://www.wholefoodsmarket.com/product/produce-young-coconut-b000p6h23m
Produce,Fresh Fruit,Young Coconut,PRODUCE,https://m.media-amazon.com/images/S/assets.wholefoodsmarket.com/PIE/product/576325edd01b54d99b8d9a6b_produce_youngcoconut.1.jpg,https://www.wholefoodsmarket.com/product/produce-young-coconut-b000p6h23m
Produce,Fresh Fruit,Organic Granny Smith Apple Bag,PRODUCE,https://m.media-amazon.com/images/S/assets.wholefoodsmarket.com/PIE/product/56e608449cdbb7110015214e_365_-granny-smith-apple.1.jpg,https://www.wholefoodsmarket.com/product/produce-organic-granny-smith-apple-bag-b0065626rs
Produce,Fresh Fruit,Organic Granny Smith Apple Bag,PRODUCE,https://m.media-amazon.com/images/S/assets.wholefoodsmarket.com/PIE/product/56e608449cdbb7110015214e_365_-granny-smith-apple.1.jpg,https://www.wholefoodsmarket.com/product/produce-organic-granny-smith-apple-bag-b0065626rs
Produce,Fresh Fruit,Organic Dry Farmed Tomato,PRODUCE,https://m.media-amazon.com/images/S/assets.wholefoodsmarket.com/PIE/product/56eed5e80f08811100d9aaee_365_-beefsteak-tomato_546.jpg,https://www.wholefoodsmarket.com/product/produce-organic-dry-farmed-tomato-b07fzl12rd
Produce,Fresh Fruit,Organic Dry Farmed Tomato,PRODUCE,https://m.media-amazon.com/images/S/assets.wholefoodsmarket.com/PIE/product/56eed5e80f08811100d9aaee_365_-beefsteak-tomato_546.jpg,https://www.wholefoodsmarket.com/product/produce-organic-dry-farmed-tomato-b07fzl12rd
Produce,Fresh Fruit,Lady Alice Apple,PRODUCE,https://m.media-amazon.com/images/S/assets.wholefoodsmarket.com/PIE/product/58866a6263ea619d6be8aba1_tilapia0709.jpg,https://www.wholefoodsmarket.com/product/produce-lady-alice-apple-b06xt24xx4
Produce,Fresh Fruit,Lady Alice Apple,PRODUCE,https://m.media-amazon.com/images/S/assets.wholefoodsmarket.com/PIE/product/58866a6263ea619d6be8aba1_tilapia0709.jpg,https://www.wholefoodsmarket.com/product/produce-lady-alice-apple-b06xt24xx4
Produce,Fresh Fruit,Red Seedless Grapes,PRODUCE,https://m.media-amazon.com/images/S/assets.wholefoodsmarket.com/PIE/product/5ddc19e733a1aa85f21c37b5_redgrapes.jpg,https://www.wholefoodsmarket.com/product/produce-red-seedless-grapes-b000p6h2jg
Produce,Fresh Fruit,Red Seedless Grapes,PRODUCE,https://m.media-amazon.com/images/S/assets.wholefoodsmarket.com/PIE/product/5ddc19e733a1aa85f21c37b5_redgrapes.jpg,https://www.wholefoodsmarket.com/product/produce-red-seedless-grapes-b000p6h2jg
Produce,Fresh Fruit,Organic Black Plum,PRODUCE,https://m.media-amazon.com/images/S/assets.wholefoodsmarket.com/PIE/product/56eb1a49362af611007e72cc_365_-black-plum.2.jpg,https://www.wholefoodsmarket.com/product/produce-organic-black-plum-b07fyy7bgk
Produce,Fresh Fruit,Organic Black Plum,PRODUCE,https://m.media-amazon.com/images/S/assets.wholefoodsmarket.com/PIE/product/56eb1a49362af611007e72cc_365_-black-plum.2.jpg,https://www.wholefoodsmarket.com/product/produce-organic-black-plum-b07fyy7bgk
Produce,Fresh Fruit,Organic Raspberries,PRODUCE,https://m.media-amazon.com/images/S/assets.wholefoodsmarket.com/PIE/product/56e70dc0c5cb2f11004367af_365_-red-raspberries.1.jpg,https://www.wholefoodsmarket.com/product/produce-organic-raspberries-b08vld2xr7
Produce,Fresh Fruit,Organic Raspberries,PRODUCE,https://m.media-amazon.com/images/S/assets.wholefoodsmarket.com/PIE/product/56e70dc0c5cb2f11004367af_365_-red-raspberries.1.jpg,https://www.wholefoodsmarket.com/product/produce-organic-raspberries-b08vld2xr7
Produce,Fresh Fruit,Organic Honeycrisp Apple Bag,PRODUCE,https://m.media-amazon.com/images/S/assets.wholefoodsmarket.com/PIE/product/5789086c808ed8290ce339ab_produce_honeycrispapple.1.jpg,https://www.wholefoodsmarket.com/product/produce-organic-honeycrisp-apple-bag-b00ar0tg44
Produce,Fresh Fruit,Organic Honeycrisp Apple Bag,PRODUCE,https://m.media-amazon.com/images/S/assets.wholefoodsmarket.com/PIE/product/5789086c808ed8290ce339ab_produce_honeycrispapple.1.jpg,https://www.wholefoodsmarket.com/product/produce-organic-honeycrisp-apple-bag-b00ar0tg44
Produce,Fresh Fruit,White Nectarine,PRODUCE,https://m.media-amazon.com/images/S/assets.wholefoodsmarket.com/PIE/product/5747584c7b447c4f2919c85f_produce_nectarine.1.jpg,https://www.wholefoodsmarket.com/product/produce-white-nectarine-b01hbefpo8
Produce,Fresh Fruit,White Nectarine,PRODUCE,https://m.media-amazon.com/images/S/assets.wholefoodsmarket.com/PIE/product/5747584c7b447c4f2919c85f_produce_nectarine.1.jpg,https://www.wholefoodsmarket.com/product/produce-white-nectarine-b01hbefpo8
Produce,Fresh Fruit,Kiwano Horned Melon,PRODUCE,https://m.media-amazon.com/images/S/assets.wholefoodsmarket.com/PIE/product/5b929e3bb9413ea0ebd8d67a_produce-hornedmelon-4.jpg,https://www.wholefoodsmarket.com/product/produce-kiwano-horned-melon-b07fz1cqq5
Produce,Fresh Fruit,Kiwano Horned Melon,PRODUCE,https://m.media-amazon.com/images/S/assets.wholefoodsmarket.com/PIE/product/5b929e3bb9413ea0ebd8d67a_produce-hornedmelon-4.jpg,https://www.wholefoodsmarket.com/product/produce-kiwano-horned-melon-b07fz1cqq5
Produce,Fresh Fruit,Blackberries,PRODUCE,https://m.media-amazon.com/images/S/assets.wholefoodsmarket.com/PIE/product/5aa69355fc8ae2e1a13b662c_2023-03-29_12-33-12_front.main.jpg,https://www.wholefoodsmarket.com/product/produce-blackberries-b000p717mi
Produce,Fresh Fruit,Blackberries,PRODUCE,https://m.media-amazon.com/images/S/assets.wholefoodsmarket.com/PIE/product/5aa69355fc8ae2e1a13b662c_2023-03-29_12-33-12_front.main.jpg,https://www.wholefoodsmarket.com/product/produce-blackberries-b000p717mi
Produce,Fresh Fruit,Seckel Pear,PRODUCE,https://m.media-amazon.com/images/S/assets.wholefoodsmarket.com/PIE/product/5fb7eb068e3d2a726e9a084e_pears.jpg,https://www.wholefoodsmarket.com/product/produce-seckel-pear-b000p6v6n4
Produce,Fresh Fruit,Seckel Pear,PRODUCE,https://m.media-amazon.com/images/S/assets.wholefoodsmarket.com/PIE/product/5fb7eb068e3d2a726e9a084e_pears.jpg,https://www.wholefoodsmarket.com/product/produce-seckel-pear-b000p6v6n4
Produce,Fresh Fruit,Lemon Bag,PRODUCE,https://m.media-amazon.com/images/S/assets.wholefoodsmarket.com/PIE/product/5aa983d911dc09df89bfbf8e_56e71354c5cb2f11004367b6-365-lemons-2.jpg,https://www.wholefoodsmarket.com/product/produce-lemon-bag-b00134m726
Produce,Fresh Fruit,Lemon Bag,PRODUCE,https://m.media-amazon.com/images/S/assets.wholefoodsmarket.com/PIE/product/5aa983d911dc09df89bfbf8e_56e71354c5cb2f11004367b6-365-lemons-2.jpg,https://www.wholefoodsmarket.com/product/produce-lemon-bag-b00134m726
Produce,Fresh Fruit,Carambola Starfruit,PRODUCE,https://m.media-amazon.com/images/S/assets.wholefoodsmarket.com/PIE/product/56e9cb9accda1111007afc8d_365_-starfruit.4.jpg,https://www.wholefoodsmarket.com/product/produce-carambola-starfruit-b000rgyj7c
Produce,Fresh Fruit,Carambola Starfruit,PRODUCE,https://m.media-amazon.com/images/S/assets.wholefoodsmarket.com/PIE/product/56e9cb9accda1111007afc8d_365_-starfruit.4.jpg,https://www.wholefoodsmarket.com/product/produce-carambola-starfruit-b000rgyj7c
Produce,Fresh Fruit,Papaya,PRODUCE,https://m.media-amazon.com/images/S/assets.wholefoodsmarket.com/PIE/product/57866622bc065f294489ed57_produce_papaya.1.jpg,https://www.wholefoodsmarket.com/product/produce-papaya-b07mxrx7dq
Produce,Fresh Fruit,Papaya,PRODUCE,https://m.media-amazon.com/images/S/assets.wholefoodsmarket.com/PIE/product/57866622bc065f294489ed57_produce_papaya.1.jpg,https://www.wholefoodsmarket.com/product/produce-papaya-b07mxrx7dq
Produce,Fresh Fruit,Red Mango,PRODUCE,https://m.media-amazon.com/images/S/assets.wholefoodsmarket.com/PIE/product/57b379c97608743e9e2d5a87_produce-mango-1.jpg,https://www.wholefoodsmarket.com/product/produce-red-mango-b003aykz1w
Produce,Fresh Fruit,Red Mango,PRODUCE,https://m.media-amazon.com/images/S/assets.wholefoodsmarket.com/PIE/product/57b379c97608743e9e2d5a87_produce-mango-1.jpg,https://www.wholefoodsmarket.com/product/produce-red-mango-b003aykz1w
Produce,Fresh Fruit,Vine On Tomato,PRODUCE,https://m.media-amazon.com/images/S/assets.wholefoodsmarket.com/PIE/product/65f1f34f69ab83a598c5bbd1_2024-03-13_18-41-20_front.main.jpg,https://www.wholefoodsmarket.com/product/produce-vine-on-tomato-b001l1krsc
Produce,Fresh Fruit,Vine On Tomato,PRODUCE,https://m.media-amazon.com/images/S/assets.wholefoodsmarket.com/PIE/product/65f1f34f69ab83a598c5bbd1_2024-03-13_18-41-20_front.main.jpg,https://www.wholefoodsmarket.com/product/produce-vine-on-tomato-b001l1krsc
Produce,Fresh Fruit,Yellow Dragonfruit,PRODUCE,https://m.media-amazon.com/images/S/assets.wholefoodsmarket.com/PIE/product/5c1be86accb8ddb74fbdc06a_upc-0000000030403-done-2-glamor-b0e3b669-2473-4dc9-a56c-78d364d09e73-058m5c.jpg,https://www.wholefoodsmarket.com/product/produce-yellow-dragonfruit-b07fzk5nj9
Produce,Fresh Fruit,Yellow Dragonfruit,PRODUCE,https://m.media-amazon.com/images/S/assets.wholefoodsmarket.com/PIE/product/5c1be86accb8ddb74fbdc06a_upc-0000000030403-done-2-glamor-b0e3b669-2473-4dc9-a56c-78d364d09e73-058m5c.jpg,https://www.wholefoodsmarket.com/product/produce-yellow-dragonfruit-b07fzk5nj9
Produce,Fresh Fruit,Organic Brown Fig,PRODUCE,https://m.media-amazon.com/images/S/assets.wholefoodsmarket.com/PIE/product/57a4e18cf2bcc217822510bd_produce-brownturkeyfigs-pt-1.jpg,https://www.wholefoodsmarket.com/product/produce-organic-brown-fig-b07fz72by8
Produce,Fresh Fruit,Organic Brown Fig,PRODUCE,https://m.media-amazon.com/images/S/assets.wholefoodsmarket.com/PIE/product/57a4e18cf2bcc217822510bd_produce-brownturkeyfigs-pt-1.jpg,https://www.wholefoodsmarket.com/product/produce-organic-brown-fig-b07fz72by8
Produce,Fresh Fruit,Navel Orange Bag,PRODUCE,https://m.media-amazon.com/images/S/assets.wholefoodsmarket.com/PIE/product/5797c318757eb9e31a4d3bbc_produce-navelorange-1.JPG,https://www.wholefoodsmarket.com/product/produce-navel-orange-bag-b07ppjfqtx
Produce,Fresh Fruit,Navel Orange Bag,PRODUCE,https://m.media-amazon.com/images/S/assets.wholefoodsmarket.com/PIE/product/5797c318757eb9e31a4d3bbc_produce-navelorange-1.JPG,https://www.wholefoodsmarket.com/product/produce-navel-orange-bag-b07ppjfqtx
Produce,Fresh Fruit,White Peach,PRODUCE,https://m.media-amazon.com/images/S/assets.wholefoodsmarket.com/PIE/product/5744aa14d3709ce627f2a8a8_produce_whitepeaches.1.jpg,https://www.wholefoodsmarket.com/product/produce-white-peach-b000rgyj6i
Produce,Fresh Fruit,White Peach,PRODUCE,https://m.media-amazon.com/images/S/assets.wholefoodsmarket.com/PIE/product/5744aa14d3709ce627f2a8a8_produce_whitepeaches.1.jpg,https://www.wholefoodsmarket.com/product/produce-white-peach-b000rgyj6i
Produce,Fresh Fruit,Dragon Fruit,PRODUCE,https://m.media-amazon.com/images/S/assets.wholefoodsmarket.com/PIE/product/620c2f509bc0532cd4b80e94_5fd478023b4f504b5ba5462d-00000000093040-glamor-glamor2-2020-12-09t17-41-46-iphone-x-quality-90-1-21-8-user-5984ad42a967f880524de2c4-oal2-953347.jpg,https://www.wholefoodsmarket.com/product/produce-dragon-fruit-b07fzct282
Produce,Fresh Fruit,Dragon Fruit,PRODUCE,https://m.media-amazon.com/images/S/assets.wholefoodsmarket.com/PIE/product/620c2f509bc0532cd4b80e94_5fd478023b4f504b5ba5462d-00000000093040-glamor-glamor2-2020-12-09t17-41-46-iphone-x-quality-90-1-21-8-user-5984ad42a967f880524de2c4-oal2-953347.jpg,https://www.wholefoodsmarket.com/product/produce-dragon-fruit-b07fzct282
Produce,Fresh Fruit,Black Mission Figs,PRODUCE,https://m.media-amazon.com/images/S/assets.wholefoodsmarket.com/PIE/product/577a9918b5b3ec3cefe7b814_blackfigs.1.jpg,https://www.wholefoodsmarket.com/product/produce-black-mission-figs-b07pnclz2j
Produce,Fresh Fruit,Black Mission Figs,PRODUCE,https://m.media-amazon.com/images/S/assets.wholefoodsmarket.com/PIE/product/577a9918b5b3ec3cefe7b814_blackfigs.1.jpg,https://www.wholefoodsmarket.com/product/produce-black-mission-figs-b07pnclz2j
Produce,Fresh Fruit,Organic Black Figs,PRODUCE,https://m.media-amazon.com/images/S/assets.wholefoodsmarket.com/PIE/product/5dd6cb7a61986b6cb8bc8de9_packagedfigs.jpeg,https://www.wholefoodsmarket.com/product/produce-organic-black-figs-b07fzgv52t
Produce,Fresh Fruit,Organic Black Figs,PRODUCE,https://m.media-amazon.com/images/S/assets.wholefoodsmarket.com/PIE/product/5dd6cb7a61986b6cb8bc8de9_packagedfigs.jpeg,https://www.wholefoodsmarket.com/product/produce-organic-black-figs-b07fzgv52t
Produce,Fresh Fruit,Black Seedless Grapes,PRODUCE,https://m.media-amazon.com/images/S/assets.wholefoodsmarket.com/PIE/product/57d03dfb8d64675e5508e618_produce-ogblackgrapes-1.jpg,https://www.wholefoodsmarket.com/product/produce-black-seedless-grapes-b07fz847m3
Produce,Fresh Fruit,Black Seedless Grapes,PRODUCE,https://m.media-amazon.com/images/S/assets.wholefoodsmarket.com/PIE/product/57d03dfb8d64675e5508e618_produce-ogblackgrapes-1.jpg,https://www.wholefoodsmarket.com/product/produce-black-seedless-grapes-b07fz847m3
Produce,Fresh Fruit,Organic Nectarine,PRODUCE,https://m.media-amazon.com/images/S/assets.wholefoodsmarket.com/PIE/product/5747584c7b447c4f2919c85f_produce_nectarine.1.jpg,https://www.wholefoodsmarket.com/product/produce-organic-nectarine-b003tq6iy4
Produce,Fresh Fruit,Organic Nectarine,PRODUCE,https://m.media-amazon.com/images/S/assets.wholefoodsmarket.com/PIE/product/5747584c7b447c4f2919c85f_produce_nectarine.1.jpg,https://www.wholefoodsmarket.com/product/produce-organic-nectarine-b003tq6iy4
Produce,Fresh Fruit,Organic Fuji Apple Bag,PRODUCE,https://m.media-amazon.com/images/S/assets.wholefoodsmarket.com/PIE/product/601c1df697e3c63f5a861d76_00818544021906-glamor-frontpackageglamor-2021-01-13t14-29-55-iphone-7-quality-90-1-21-8-user-5c4f16e4fc9c91accd101ce4-4irc-785276.jpg,https://www.wholefoodsmarket.com/product/produce-organic-fuji-apple-bag-b006561zmu
Produce,Fresh Fruit,Organic Fuji Apple Bag,PRODUCE,https://m.media-amazon.com/images/S/assets.wholefoodsmarket.com/PIE/product/601c1df697e3c63f5a861d76_00818544021906-glamor-frontpackageglamor-2021-01-13t14-29-55-iphone-7-quality-90-1-21-8-user-5c4f16e4fc9c91accd101ce4-4irc-785276.jpg,https://www.wholefoodsmarket.com/product/produce-organic-fuji-apple-bag-b006561zmu
Produce,Fresh Fruit,Organic Red Mango,PRODUCE,https://m.media-amazon.com/images/S/assets.wholefoodsmarket.com/PIE/product/57b379c97608743e9e2d5a87_produce-mango-1.jpg,https://www.wholefoodsmarket.com/product/produce-organic-red-mango-b001392xuc
Produce,Fresh Fruit,Organic Red Mango,PRODUCE,https://m.media-amazon.com/images/S/assets.wholefoodsmarket.com/PIE/product/57b379c97608743e9e2d5a87_produce-mango-1.jpg,https://www.wholefoodsmarket.com/product/produce-organic-red-mango-b001392xuc
Produce,Fresh Fruit,Aprium Apricots,PRODUCE,https://m.media-amazon.com/images/S/assets.wholefoodsmarket.com/PIE/product/578671120575b6313c867a4a_produce_apricots.2.jpg,https://www.wholefoodsmarket.com/product/produce-aprium-apricots-b07fzjh2kc
Produce,Fresh Fruit,Aprium Apricots,PRODUCE,https://m.media-amazon.com/images/S/assets.wholefoodsmarket.com/PIE/product/578671120575b6313c867a4a_produce_apricots.2.jpg,https://www.wholefoodsmarket.com/product/produce-aprium-apricots-b07fzjh2kc
Produce,Fresh Fruit,Organic Asian Brown Pear,PRODUCE,https://m.media-amazon.com/images/S/assets.wholefoodsmarket.com/PIE/product/57d5999c48e5662aa9061e50_produce-pearasianshinko-2.JPG,https://www.wholefoodsmarket.com/product/produce-organic-asian-brown-pear-b07fzj3hp6
Produce,Fresh Fruit,Organic Asian Brown Pear,PRODUCE,https://m.media-amazon.com/images/S/assets.wholefoodsmarket.com/PIE/product/57d5999c48e5662aa9061e50_produce-pearasianshinko-2.JPG,https://www.wholefoodsmarket.com/product/produce-organic-asian-brown-pear-b07fzj3hp6
Produce,Fresh Fruit,Organic D Anjou Pear,PRODUCE,https://m.media-amazon.com/images/S/assets.wholefoodsmarket.com/PIE/product/56e77f2ff6e8791100e80002_365_-d-anjou-pear.1.jpg,https://www.wholefoodsmarket.com/product/produce-organic-d-anjou-pear-b000p6l3qe
Produce,Fresh Fruit,Organic D Anjou Pear,PRODUCE,https://m.media-amazon.com/images/S/assets.wholefoodsmarket.com/PIE/product/56e77f2ff6e8791100e80002_365_-d-anjou-pear.1.jpg,https://www.wholefoodsmarket.com/product/produce-organic-d-anjou-pear-b000p6l3qe
Produce,Fresh Fruit,Organic Gala Apple Bag,PRODUCE,https://m.media-amazon.com/images/S/assets.wholefoodsmarket.com/PIE/product/57c847092d6503275523ee26_produce-galaapples-3lb-2.jpg,https://www.wholefoodsmarket.com/product/produce-organic-gala-apple-bag-b0065621mi
Produce,Fresh Fruit,Organic Gala Apple Bag,PRODUCE,https://m.media-amazon.com/images/S/assets.wholefoodsmarket.com/PIE/product/57c847092d6503275523ee26_produce-galaapples-3lb-2.jpg,https://www.wholefoodsmarket.com/product/produce-organic-gala-apple-bag-b0065621mi
Produce,Fresh Fruit,Organic White Green Figs,PRODUCE,https://m.media-amazon.com/images/S/assets.wholefoodsmarket.com/PIE/product/57c0711c682f953153350f4c_produce-figswhitegreen-1.jpg,https://www.wholefoodsmarket.com/product/produce-organic-white-green-figs-b07fz82hp6
Produce,Fresh Fruit,Organic White Green Figs,PRODUCE,https://m.media-amazon.com/images/S/assets.wholefoodsmarket.com/PIE/product/57c0711c682f953153350f4c_produce-figswhitegreen-1.jpg,https://www.wholefoodsmarket.com/product/produce-organic-white-green-figs-b07fz82hp6
Produce,Fresh Fruit,Fuji Apple,PRODUCE,https://m.media-amazon.com/images/S/assets.wholefoodsmarket.com/PIE/product/57866bb5c95f9e5c3c2083e6_produce_fujiapple.1.jpg,https://www.wholefoodsmarket.com/product/produce-fuji-apple-b001w3jekg
Produce,Fresh Fruit,Fuji Apple,PRODUCE,https://m.media-amazon.com/images/S/assets.wholefoodsmarket.com/PIE/product/57866bb5c95f9e5c3c2083e6_produce_fujiapple.1.jpg,https://www.wholefoodsmarket.com/product/produce-fuji-apple-b001w3jekg
Produce,Fresh Fruit,Yellow Nectarine,PRODUCE,https://m.media-amazon.com/images/S/assets.wholefoodsmarket.com/PIE/product/5747584c7b447c4f2919c85f_produce_nectarine.1.jpg,https://www.wholefoodsmarket.com/product/produce-yellow-nectarine-b000p6j1m2
Produce,Fresh Fruit,Yellow Nectarine,PRODUCE,https://m.media-amazon.com/images/S/assets.wholefoodsmarket.com/PIE/product/5747584c7b447c4f2919c85f_produce_nectarine.1.jpg,https://www.wholefoodsmarket.com/product/produce-yellow-nectarine-b000p6j1m2
Produce,Fresh Fruit,Passion Fruit,PRODUCE,https://m.media-amazon.com/images/S/assets.wholefoodsmarket.com/PIE/product/57b63bd403bc0e79e2fcd8f9_produce-passionfruit-1.jpg,https://www.wholefoodsmarket.com/product/produce-passion-fruit-b07fyy3lfz
Produce,Fresh Fruit,Passion Fruit,PRODUCE,https://m.media-amazon.com/images/S/assets.wholefoodsmarket.com/PIE/product/57b63bd403bc0e79e2fcd8f9_produce-passionfruit-1.jpg,https://www.wholefoodsmarket.com/product/produce-passion-fruit-b07fyy3lfz
Produce,Fresh Fruit,Strawberries,PRODUCE,https://m.media-amazon.com/images/S/assets.wholefoodsmarket.com/PIE/product/57e058d8afb2864a1005688f_produce-genericstrawberries-md-1.jpg,https://www.wholefoodsmarket.com/product/produce-strawberries-b08911zp3y
Produce,Fresh Fruit,Strawberries,PRODUCE,https://m.media-amazon.com/images/S/assets.wholefoodsmarket.com/PIE/product/57e058d8afb2864a1005688f_produce-genericstrawberries-md-1.jpg,https://www.wholefoodsmarket.com/product/produce-strawberries-b08911zp3y
Produce,Fresh Fruit,Organic Cosmic Crisp Apples,PRODUCE,https://m.media-amazon.com/images/S/assets.wholefoodsmarket.com/PIE/product/653bbf88539f7f6172550930_2023-10-27_13-47-55_front.main.jpg,https://www.wholefoodsmarket.com/product/produce-organic-cosmic-crisp-apples-b0829rv69f
Produce,Fresh Fruit,Organic Cosmic Crisp Apples,PRODUCE,https://m.media-amazon.com/images/S/assets.wholefoodsmarket.com/PIE/product/653bbf88539f7f6172550930_2023-10-27_13-47-55_front.main.jpg,https://www.wholefoodsmarket.com/product/produce-organic-cosmic-crisp-apples-b0829rv69f
Produce,Fresh Fruit,Organic Dragon Fruit,PRODUCE,https://m.media-amazon.com/images/S/assets.wholefoodsmarket.com/PIE/product/5fd478023b4f504b5ba5462d_00000000093040-glamor-glamor2-2020-12-09t17-41-46-iphone-x-quality-90-1-21-8-user-5984ad42a967f880524de2c4-oal2-953347.jpg,https://www.wholefoodsmarket.com/product/produce-organic-dragon-fruit-b07fz9cm9m
Produce,Fresh Fruit,Organic Dragon Fruit,PRODUCE,https://m.media-amazon.com/images/S/assets.wholefoodsmarket.com/PIE/product/5fd478023b4f504b5ba5462d_00000000093040-glamor-glamor2-2020-12-09t17-41-46-iphone-x-quality-90-1-21-8-user-5984ad42a967f880524de2c4-oal2-953347.jpg,https://www.wholefoodsmarket.com/product/produce-organic-dragon-fruit-b07fz9cm9m
Produce,Fresh Fruit,Organic Pluot,PRODUCE,https://m.media-amazon.com/images/S/assets.wholefoodsmarket.com/PIE/product/577d360167d78c02944f5b69_produce_plumpluot_002.jpg,https://www.wholefoodsmarket.com/product/produce-organic-pluot-b002acv4a6
Produce,Fresh Fruit,Organic Pluot,PRODUCE,https://m.media-amazon.com/images/S/assets.wholefoodsmarket.com/PIE/product/577d360167d78c02944f5b69_produce_plumpluot_002.jpg,https://www.wholefoodsmarket.com/product/produce-organic-pluot-b002acv4a6
Produce,Fresh Fruit,Peeled Cape Gooseberries,PRODUCE,https://m.media-amazon.com/images/S/assets.wholefoodsmarket.com/PIE/product/61df8437d30df14763cdee40_0761635208109-glamor-front-2021-12-27t14-35-06-iphone-7-quality-90-1-26-2-user-5c4f16e4fc9c91accd101ce4-njbj-820759.jpg,https://www.wholefoodsmarket.com/product/produce-peeled-cape-gooseberries-b07811s9ph
Produce,Fresh Fruit,Peeled Cape Gooseberries,PRODUCE,https://m.media-amazon.com/images/S/assets.wholefoodsmarket.com/PIE/product/61df8437d30df14763cdee40_0761635208109-glamor-front-2021-12-27t14-35-06-iphone-7-quality-90-1-26-2-user-5c4f16e4fc9c91accd101ce4-njbj-820759.jpg,https://www.wholefoodsmarket.com/product/produce-peeled-cape-gooseberries-b07811s9ph
Produce,Fresh Fruit,Orange Flesh Honeydew,PRODUCE,https://m.media-amazon.com/images/S/assets.wholefoodsmarket.com/PIE/product/5ae8af4c96529534c5eb596e_produce-orangefleshhoneydew-1.jpg,https://www.wholefoodsmarket.com/product/produce-orange-flesh-honeydew-b07fyxzdyq
Produce,Fresh Fruit,Orange Flesh Honeydew,PRODUCE,https://m.media-amazon.com/images/S/assets.wholefoodsmarket.com/PIE/product/5ae8af4c96529534c5eb596e_produce-orangefleshhoneydew-1.jpg,https://www.wholefoodsmarket.com/product/produce-orange-flesh-honeydew-b07fyxzdyq
Produce,Fresh Fruit,Honeydew Melon,PRODUCE,https://m.media-amazon.com/images/S/assets.wholefoodsmarket.com/PIE/product/60805a3cdba9dd17e114f7f5_5ae8af4c96529534c5eb596e-produce-orangefleshhoneydew-1.jpeg,https://www.wholefoodsmarket.com/product/produce-honeydew-melon-b003imcod8
Produce,Fresh Fruit,Honeydew Melon,PRODUCE,https://m.media-amazon.com/images/S/assets.wholefoodsmarket.com/PIE/product/60805a3cdba9dd17e114f7f5_5ae8af4c96529534c5eb596e-produce-orangefleshhoneydew-1.jpeg,https://www.wholefoodsmarket.com/product/produce-honeydew-melon-b003imcod8
Produce,Fresh Fruit,Organic White Nectarine,PRODUCE,https://m.media-amazon.com/images/S/assets.wholefoodsmarket.com/PIE/product/574755ed47ae08e31689a5c6_produce_whitenectarine.1.jpg,https://www.wholefoodsmarket.com/product/produce-organic-white-nectarine-b07fz72b4h
Produce,Fresh Fruit,Organic White Nectarine,PRODUCE,https://m.media-amazon.com/images/S/assets.wholefoodsmarket.com/PIE/product/574755ed47ae08e31689a5c6_produce_whitenectarine.1.jpg,https://www.wholefoodsmarket.com/product/produce-organic-white-nectarine-b07fz72b4h
Produce,Fresh Fruit,Seedless Watermelon,PRODUCE,https://m.media-amazon.com/images/S/assets.wholefoodsmarket.com/PIE/product/667df380d6b665a0022bd9ee_2024-06-27_23-19-32_other.main.jpg,https://www.wholefoodsmarket.com/product/produce-seedless-watermelon-b07fz13dgw
Produce,Fresh Fruit,Seedless Watermelon,PRODUCE,https://m.media-amazon.com/images/S/assets.wholefoodsmarket.com/PIE/product/667df380d6b665a0022bd9ee_2024-06-27_23-19-32_other.main.jpg,https://www.wholefoodsmarket.com/product/produce-seedless-watermelon-b07fz13dgw
Produce,Fresh Vegetables,BABY ARUGULA A BOLD BABY ARUGULA WITH SEDUCTIVE SPICE AND SUBTLE HINTS OF SUMMERCITRUS AND BLACK PEPPER.,Plenty,https://m.media-amazon.com/images/S/assets.wholefoodsmarket.com/PIE/product/657d6d894d13ccf864c83643_2024-01-05_22-04-53_front.main.jpg,https://www.wholefoodsmarket.com/product/plenty-baby-arugula-a-bold-baby-arugula-with-seductive-spice-and-subtle-hints-of-summercitrus-and-black-pepper-b083gkkrhd
Produce,Fresh Vegetables,BABY ARUGULA A BOLD BABY ARUGULA WITH SEDUCTIVE SPICE AND SUBTLE HINTS OF SUMMERCITRUS AND BLACK PEPPER.,Plenty,https://m.media-amazon.com/images/S/assets.wholefoodsmarket.com/PIE/product/657d6d894d13ccf864c83643_2024-01-05_22-04-53_front.main.jpg,https://www.wholefoodsmarket.com/product/plenty-baby-arugula-a-bold-baby-arugula-with-seductive-spice-and-subtle-hints-of-summercitrus-and-black-pepper-b083gkkrhd
Produce,Fresh Vegetables,Organic Red Potato,PRODUCE,https://m.media-amazon.com/images/S/assets.wholefoodsmarket.com/PIE/product/5771eb35d2d495998b706c88_produce_redpotato.1.jpg,https://www.wholefoodsmarket.com/product/produce-organic-red-potato-b006q6mxfc
Produce,Fresh Vegetables,Organic Red Potato,PRODUCE,https://m.media-amazon.com/images/S/assets.wholefoodsmarket.com/PIE/product/5771eb35d2d495998b706c88_produce_redpotato.1.jpg,https://www.wholefoodsmarket.com/product/produce-organic-red-potato-b006q6mxfc
Produce,Fresh Vegetables,BABY KALE A VELVETY-SOFT BUT CRUNCHY BABY KALE WITH DELICIOUSLY BRIGHT VEGETAL NOTES SUPPORTED BY A LIGHT CITRUS FINISH.,Plenty,https://m.media-amazon.com/images/S/assets.wholefoodsmarket.com/PIE/product/6583789ac0147aa2404e3e37_2024-01-05_22-29-22_front.main.jpg,https://www.wholefoodsmarket.com/product/plenty-baby-kale-a-velvetysoft-but-crunchy-baby-kale-with-deliciously-bright-vegetal-notes-supported-by-a-light-citrus-finish-b083gkfg65
Produce,Fresh Vegetables,BABY KALE A VELVETY-SOFT BUT CRUNCHY BABY KALE WITH DELICIOUSLY BRIGHT VEGETAL NOTES SUPPORTED BY A LIGHT CITRUS FINISH.,Plenty,https://m.media-amazon.com/images/S/assets.wholefoodsmarket.com/PIE/product/6583789ac0147aa2404e3e37_2024-01-05_22-29-22_front.main.jpg,https://www.wholefoodsmarket.com/product/plenty-baby-kale-a-velvetysoft-but-crunchy-baby-kale-with-deliciously-bright-vegetal-notes-supported-by-a-light-citrus-finish-b083gkfg65
Produce,Fresh Vegetables,Wee be Little Pumpkin,PRODUCE,https://m.media-amazon.com/images/S/assets.wholefoodsmarket.com/PIE/product/581a406f56ac459274f0c651_produce-fresh-vegetables-pumpkin-0322.jpg,https://www.wholefoodsmarket.com/product/produce-wee-be-little-pumpkin-b07g5qcv7z
Produce,Fresh Vegetables,Wee be Little Pumpkin,PRODUCE,https://m.media-amazon.com/images/S/assets.wholefoodsmarket.com/PIE/product/581a406f56ac459274f0c651_produce-fresh-vegetables-pumpkin-0322.jpg,https://www.wholefoodsmarket.com/product/produce-wee-be-little-pumpkin-b07g5qcv7z
Produce,Fresh Vegetables,Celery Bunch,PRODUCE,https://m.media-amazon.com/images/S/assets.wholefoodsmarket.com/PIE/product/5786678f732d55124418f93a_produce_celery.2.jpg,https://www.wholefoodsmarket.com/product/produce-celery-bunch-b000nskb80
Produce,Fresh Vegetables,Celery Bunch,PRODUCE,https://m.media-amazon.com/images/S/assets.wholefoodsmarket.com/PIE/product/5786678f732d55124418f93a_produce_celery.2.jpg,https://www.wholefoodsmarket.com/product/produce-celery-bunch-b000nskb80
