Product URL,Brand Name,Product Name,Special Price,Regular Price,Sold By,Shipped From,Shipping Cost,Short Description,Long Description,Product Information,Directions,Ingredients,SKU,ASIN,Barcode,Image URLs
https://www.amazon.co.uk/ASUS-Vivobook-E410KA-Microsoft-Subscription/dp/B0D33HRJ9W/ref=zg_bs_g_429886031_d_sccl_13/000-0000000-0000000?psc=1,ASUS,"ASUS Vivobook 14 E410KA 14"" Full HD Laptop with Microsoft Office 365 (Intel Celeron N4500, 4GB RAM, 128GB eMMC, Windows 11 S Mode) Ships with 1 Year Microsoft Office Subscription",¬£179.99,¬£249.99, Amazon , Amazon ,4.99," ASUS Vivobook 14 E410 ships with 1 year subscription of Microsoft Office 365 for all your favourite apps, straight out of the box  , Lightweight and compact, it sports a stylish new look that fits right in with your dynamic lifestyle  , With 4GB RAM, paired with 128GB eMMC, Vivobook 14 is designed for daily computing and productivity tasks, and boasting innovative features such as ASUS NumberPad, ASUS E410 gives you everything you need for work or play  , ASUS Vivobook E410 weighs a mere 1.3Kg making it easy to carry around with you  , With ASUS E410, you can leave the heavy power adaptor at home. Its day-long battery life gives you the flexibility to work or play anywhere  ",,"{'Brand': 'ASUS', 'Product Dimensions': '32.5 x 1.84 x 21.7 cm; 1.3 kg', 'Batteries': '1 Lithium Ion batteries required. (included)', 'Item model number': 'E410KA#B0D33HRJ9W', 'Manufacturer': 'ASUS', 'Series': 'Vivobook 14', 'Colour': 'Blue', 'Form Factor': 'Laptop', 'Standing screen display size': '14 Inches', 'Screen Resolution': '1920 x 1080 pixels', 'Resolution': '1920x1080', 'Processor Brand': 'Intel', 'Processor Type': 'Celeron', 'Processor Speed': '1.1 GHz', 'Processor Count': '2', 'RAM Size': '4', 'Memory Technology': 'DDR4', 'Computer Memory Type': 'DDR4 SDRAM', 'Maximum Memory Supported': '4 GB', 'Hard Disk Description': 'Emmc', 'Hard Drive Interface': 'PCIE x 2', 'Audio Details': 'Speakers', 'Speaker Description': 'Built-in Speakers', 'Graphics Coprocessor': 'Intel UHD Graphics', 'Graphics Chipset Brand': 'Intel', 'Graphics Card Description': 'Integrated', 'Graphics RAM Type': 'DIMM', 'Graphics Card Interface': 'Integrated', 'Connectivity Type': 'Wi-Fi', 'Wireless Type': '802.11ac', 'Number of USB 2.0 Ports': '1', 'Number of USB 3.0 Ports': '2', 'Number of Ethernet Ports': '1', 'Operating System': 'Windows 11 Home', 'Are Batteries Included': 'Yes', 'Lithium Battery Energy Content': '42 Watt Hours', 'Lithium Battery Packaging': 'Batteries contained in equipment', 'Lithium Battery Weight': '0.05 Kilograms', 'Number Of Lithium Ion Cells': '3', 'Item Weight': '1.3 kg', 'Guaranteed software updates until': 'unknown', 'ASIN': 'B0D33HRJ9W', 'Customer Reviews': '4.0 out of 5 stars', 'Best Sellers Rank': '1,916 in Computers & Accessories ( See Top 100 in Computers & Accessories )      12 in  Traditional Laptops', 'Delivery information:': 'We cannot deliver certain products outside mainland UK (  Details ). We will only be able to confirm if this product can be delivered to your chosen address when you enter your delivery address at checkout.', 'Date First Available': '1 May 2024'}",,,B0D33HRJ9W,B0D33HRJ9W,,"https://m.media-amazon.com/images/I/715sB0bGMWL._AC_SL1500_.jpg,https://m.media-amazon.com/images/I/71fP7d3YplL._AC_SL1500_.jpg,https://m.media-amazon.com/images/I/61DS-grQcUL._AC_SL1500_.jpg,https://m.media-amazon.com/images/I/61y9TGUQ7YL._AC_SL1500_.jpg,https://m.media-amazon.com/images/I/81p2C5eZRkL._AC_SL1500_.jpg,https://m.media-amazon.com/images/I/71emmmEVGgL._AC_SL1500_.jpg"
https://www.amazon.co.uk/Apple-MacBook-13-inch-Storage-Keyboard/dp/B098ZNDWJ8/ref=zg_bs_g_429886031_d_sccl_10/000-0000000-0000000?psc=1,Apple,"Mid 2017 Apple MacBook Air with 1.8GHz Intel Core i5 (13 inch, 8GB RAM, 256GB SSD) (QWERTY UK) Silver (Renewed)",,¬£251.0, 1 CLICK CRAZY DEALS , 1 CLICK CRAZY DEALS ,," Item Package Quantity - 1  , Product Type - Notebook Computer  , Operating System - Big Sur  , Hard Disk - 256.00,Ssd,Ata  ","This pre-owned or refurbished product has been professionally inspected and tested to work and look like new. How a product becomes part of Amazon Renewed, your destination for pre-owned, refurbished products: A customer buys a new product and returns it or trades it in for a newer or different model. That product is inspected and tested to work and look like new by Amazon-qualified suppliers. Then, the product is sold as an Amazon Renewed product on Amazon. If not satisfied with the purchase, renewed products are eligible for replacement or refund under the Amazon Renewed Guarantee.","{'Brand': 'Apple', 'Item model number': 'MQD32LL/A', 'Manufacturer': 'Apple Computer', 'Series': 'Apple MacBook Air', 'Colour': 'Silver', 'Form Factor': 'Ultra-Portable', 'Standing screen display size': '13.3 Inches', 'Screen Resolution': '1440x900', 'Resolution': '1440x900 Pixels', 'Processor Brand': 'Intel', 'Processor Type': 'Core i5', 'Processor Speed': '1.8 GHz', 'Processor Count': '1', 'RAM Size': '8 GB', 'Memory Technology': 'LPDDR3', 'Computer Memory Type': 'DDR3 SDRAM', 'Hard Drive Size': '256 GB', 'Hard Disk Description': 'SSD', 'Hard Drive Interface': 'ATA', 'Audio Details': 'Speakers', 'Graphics Coprocessor': 'Intel HD Graphics 6000', 'Graphics Chipset Brand': 'Intel', 'Graphics Card Description': 'Integrated', 'Connectivity Type': 'Bluetooth, Wi-Fi', 'Wireless Type': 'Bluetooth, 802.11ac', 'Voltage': '28 Volts', 'Hardware Platform': 'Mac', 'Operating System': 'macOS 11 Big Sur', 'Guaranteed software updates until': 'unknown', 'ASIN': 'B098ZNDWJ8', 'Customer Reviews': '4.1 out of 5 stars', 'Best Sellers Rank': '8,723 in Computers & Accessories ( See Top 100 in Computers & Accessories )      14 in  Renewed Laptops      55 in  Renewed Computers & Accessories      84 in  Traditional Laptops', 'Delivery information:': 'We cannot deliver certain products outside mainland UK (  Details ). We will only be able to confirm if this product can be delivered to your chosen address when you enter your delivery address at checkout.', 'Date First Available': '8 July 2021'}",,,B098ZNDWJ8,B098ZNDWJ8,,"https://m.media-amazon.com/images/I/61hUE4LhLOL._AC_SL1500_.jpg,https://m.media-amazon.com/images/I/51iK+RPTDOS._AC_SL1200_.jpg,https://m.media-amazon.com/images/I/41XQDRSZT7S._AC_SL1200_.jpg,https://m.media-amazon.com/images/I/51DlW1TVPQS._AC_SL1190_.jpg,https://m.media-amazon.com/images/I/41Mt1zf0-XL._AC_SL1200_.jpg"
https://www.amazon.co.uk/ACEMAGIC-Laptop-Computer-inch-Quad-Core/dp/B0D2NTM8J7/ref=zg_bs_g_30117754031_d_sccl_6/000-0000000-0000000?psc=1,ACEMAGIC,"ACEMAGIC Laptop Computer 16 inch - Quad-Core Alder Lake N-97 Processor Up to 3.6GHz (Beat N5095) Notebook Computer, 16GB Ram DDR4 512GB SSD PC Laptops with FHD Display, 2.4G/5G WiFi, BT5.0, HDMI",¬£305.99,¬£389.99,getionty,Amazon,4.99," „ÄêTHE 12TH GENERATION N 97 PROCESSOR„Äë:This laptop is equipped with the latest 12th generation Alder Lake powered N 97 processor (4C/4T, 6MB cache, burst frequency 3.6GHz), which is more than 30% higher than the N5095. It integrates up to 1200MHz of ultra high definition graphics, and its powerful performance allows you to easily handle multitasking. Whether it is running large software, video editing, or multitasking parallel processing, it can easily handle it, improving your efficiency and experience in work, learning, and entertainment.  , „Äê16GB RAM & 512GB ROM„Äë:This Notebook computer comes with DDR4 16GB memory for more space and 50% faster than DDR3-equipped machines, allowing it to efficiently handle multiple programs and tasks simultaneously. Built-in 512GB M.2 SSD, enough storage space to ensure smooth system while saving more personal files. Still need more space? This small laptop can support expansion of 128GB TF card, allowing you to store more digital.  , „ÄêLARGE SCREEN EXPERIENCE, WIDER FIELD OF VIEW„Äë:This 16 inch laptop is equipped with a 1920 * 1200 high-definition and high-resolution large screen, with a 93% screen to body ratio that maximizes your viewing area, providing a wider field of view for both work and entertainment. Whether it's dealing with complex tables, editing large documents, watching high-definition movies, or playing games, the large screen can present you with more realistic and vivid visual effects, allowing you to immerse yourself and enjoy a visual feast.  , „ÄêRICH INTERFACES AND STRONG SCALABILITY„Äë:In order to meet the different needs of users, this laptop provides rich interface designs, including HDMI Type A X 1, USB3.2 X 3, Type-C (data) X 1, 3.5mm headphone jack X 1, 128GB TF card jack X 1, and DC jack X 1. You can easily connect external devices such as printers, projectors, monitors, etc., expanding your usage scenarios and convenience.  , „ÄêHUMANIZED DESIGN„Äë:Despite having a 16 inch large screen, this laptop adopts a lightweight design, making it easy to carry. The laptop features a 5000mAh rechargeable battery, It can work for a long time without charging. The full-size ergonomic keyboard is designed for comfortable and accurate typing, while the large touchpad allows for smooth navigation, making your work and study sessions more efficient and enjoyable. The metal body is designed to withstand pressure and collision.  , „ÄêOTHER HIGHLIGHTED FEATURES & CAREFUL PROTECTION„ÄëWe have a professional customer service team ready to provide consultation and assistance to users at any time. Both product usage issues and after-sales service needs can be quickly responded to and effectively resolved. We offer lifetime technical support and 12 months quality warranty for customers. If you have any questions in use, please feel free to contact us.  ",,"{'Brand': 'ACEMAGIC', 'Product Dimensions': '36.2 x 25.14 x 1.85 cm; 1.81 kg', 'Batteries': '1 Lithium Ion batteries required. (included)', 'Item model number': 'N97', 'Form Factor': 'Laptop', 'Standing screen display size': '16 Inches', 'Screen Resolution': '1920 x 1080 pixels', 'Processor Brand': 'Intel', 'Processor Type': 'Mobile CPU', 'Processor Speed': '3.6 GHz', 'Processor Count': '4', 'RAM Size': '16 GB', 'Memory Technology': 'DDR4', 'Computer Memory Type': 'DDR4 SDRAM', 'Maximum Memory Supported': '16 GB', 'Hard Drive Size': '512 GB', 'Hard Disk Description': 'SSD', 'Audio Details': 'Headphones, Speakers', 'Graphics Chipset Brand': 'Intel', 'Connectivity Type': 'Wi-Fi', 'Voltage': '220 Volts', 'Are Batteries Included': 'Yes', 'Lithium Battery Energy Content': '38 Watt Hours', 'Lithium Battery Packaging': 'Batteries contained in equipment', 'Item Weight': '1.81 kg', 'Guaranteed software updates until': 'unknown', 'ASIN': 'B0D2NTM8J7', 'Customer Reviews': '4.3 out of 5 stars', 'Best Sellers Rank': '4,419 in Computers & Accessories ( See Top 100 in Computers & Accessories )      36 in  Traditional Laptops', 'Delivery information:': 'We cannot deliver certain products outside mainland UK (  Details ). We will only be able to confirm if this product can be delivered to your chosen address when you enter your delivery address at checkout.', 'Date First Available': '25 April 2024'}",,,B0D2NTM8J7,B0D2NTM8J7,,"https://m.media-amazon.com/images/I/718w55NZk4L._AC_SL1500_.jpg,https://m.media-amazon.com/images/I/81OujDx6G0L._AC_SL1500_.jpg,https://m.media-amazon.com/images/I/814-re6vfbL._AC_SL1500_.jpg,https://m.media-amazon.com/images/I/81V+bxW4NJL._AC_SL1500_.jpg,https://m.media-amazon.com/images/I/71R6NSWJ5JL._AC_SL1500_.jpg,https://m.media-amazon.com/images/I/71wuNCvVhyL._AC_SL1500_.jpg,https://m.media-amazon.com/images/I/71RNWglqciL._AC_SL1500_.jpg,https://m.media-amazon.com/images/I/81YjjYbEVSL._AC_SL1500_.jpg"
https://www.amazon.co.uk/ASUS-Vivobook-X1504ZA-i5-1335U-Windows/dp/B0CTTWDTVW/ref=zg_bs_g_30117754031_d_sccl_4/000-0000000-0000000?psc=1,ASUS,"ASUS Vivobook 15 X1504ZA 15.6"" Full HD Laptop (Intel i5-1335U, 16GB RAM, 1TB PCIe SSD, Windows 11 Home)",¬£449.99,¬£449.99, Amazon , Amazon ,4.99," Powered by Intel's Core i5-1335U 4.6 GHz processor (10 Core/12 Thread)  , 16GB RAM paired with a massive 1TB PCIe SSD for all your storage needs  , ASUS Vivobook 15 complies with US MIL-STD 810H military-grade standard  , UK layout keyboard  , Ships with Microsoft Windows 11 Home  ",,"{'Brand': 'ASUS', 'Product Dimensions': '35.97 x 1.79 x 23.25 cm; 1.7 kg', 'Batteries': '1 Lithium Ion batteries required. (included)', 'Item model number': 'X1504VA#B0CTTWDTVW', 'Manufacturer': 'ASUS', 'Series': 'Vivobook 15', 'Colour': 'Silver', 'Form Factor': 'Laptop', 'Standing screen display size': '15.6 Inches', 'Screen Resolution': '1920 x 1080 pixels', 'Resolution': '1920x1080', 'Processor Brand': 'Intel', 'Processor Type': 'Core i5', 'Processor Speed': '4.6 GHz', 'Processor Count': '10', 'Memory Technology': 'DDR4', 'Maximum Memory Supported': '16 GB', 'Hard Disk Description': 'SSD', 'Hard Drive Interface': 'PCIE x 2', 'Graphics Coprocessor': 'Intel HD Graphics 1335', 'Graphics Chipset Brand': 'Intel', 'Graphics Card Description': 'Integrated', 'Graphics RAM Type': 'L2 cache', 'Graphics Card Interface': 'Integrated', 'Connectivity Type': 'Bluetooth, Wi-Fi', 'Number of USB 3.0 Ports': '4', 'Number of Ethernet Ports': '1', 'Operating System': 'Windows 11 Home', 'Average Battery Life (in hours)': '8 Hours', 'Are Batteries Included': 'Yes', 'Lithium Battery Energy Content': '42 Watt Hours', 'Lithium Battery Packaging': 'Batteries contained in equipment', 'Lithium Battery Weight': '20 g', 'Number Of Lithium Ion Cells': '3', 'Item Weight': '1.7 kg', 'Guaranteed software updates until': 'unknown', 'ASIN': 'B0CTTWDTVW', 'Customer Reviews': '4.4 out of 5 stars', 'Best Sellers Rank': '1,055 in Computers & Accessories ( See Top 100 in Computers & Accessories )      4 in  Traditional Laptops', 'Delivery information:': 'We cannot deliver certain products outside mainland UK (  Details ). We will only be able to confirm if this product can be delivered to your chosen address when you enter your delivery address at checkout.', 'Date First Available': '2 Feb. 2024'}",,,B0CTTWDTVW,B0CTTWDTVW,,"['https://m.media-amazon.com/images/I/51rcFQK1w5L._AC_SL1000_.jpg', None, None, None, None, 'https://m.media-amazon.com/images/I/61tFwlbUyBL._AC_SL1000_.jpg', 'https://m.media-amazon.com/images/I/61Oe97JL-oL._AC_SL1000_.jpg', 'https://m.media-amazon.com/images/I/71pdLpsLErL._AC_SL1000_.jpg']"
https://www.amazon.co.uk/Naclud-N5095-Notebook-Keyboard-Languages/dp/B0DB4YRB42/ref=zg_bs_g_30117754031_d_sccl_13/000-0000000-0000000?psc=1,Naclud,"Naclud 15.6 Inch Laptop 12GB RAM 512GB SSD, 1080P FHD Celeron N5095 Up to 2.8GHz, PC Notebook with Dual Band WiFi, 2xUSB 3.0, Keyboard Film in Eight Languages",,¬£269.98,Quality LAPTOPS,Amazon,4.99," „ÄêEfficient Performance„ÄëThe laptop is equipped with 12GB RAM DDR4 512GB SSD high speed memory with Celeron N5095, it can run multiple software at the same time, from reading and writing speed to application response are greatly improved. Software starts quickly, smoothly and efficiently, improving your work efficiency. 15.6-inch laptop supports TF card and 1TB SSD expansion  , „ÄêVisual Impact„ÄëWith a 15.6 inch Full HD 1920√ó1080 IPS display and 2.8GHz refresh rate for smooth 4K video playback, enjoy a smooth, vibrant and dynamic experience on a vibrant, lifelike color screen  , „ÄêMulti-interface and Slim„ÄëRich interface configuration, the laptop is equipped with 2xUSB 3.0, mini HDMI, Micro SD card slot and other interfaces, whether it is for external projection of a large screen, connecting headphones or reading an SD card, there is no need to transfer, efficient and convenient. The laptop body weighs just 1.69kg and is only 2cm thick, making it easy to take on the go  , „ÄêCleaner PC Interface„Äë The 15.6-inch laptop, a cleaner PC interface, a new Start menu, support for a wide range of office and productivity software, and compatibility with a variety of general and audio-visual entertainment applications. Perfect for work and play  , „ÄêWorry After-sales Service„ÄëWe provide 365 days service from the date of purchase, if there is any problem, please let me know, we will reply you within 12 hours to help you solve the problem.  ",,"{'Brand': 'Naclud', 'Product Dimensions': '37 x 23 x 2 cm; 1.69 kg', 'Batteries': '1 Lithium Ion batteries required. (included)', 'Item model number': 'N5095', 'Manufacturer': 'Naclud', 'Series': 'X15', 'Form Factor': 'Netbook', 'Standing screen display size': '15.6 Inches', 'Screen Resolution': '1920 x 1080 pixels', 'Resolution': '1920x1080', 'Processor Brand': 'Intel', 'Processor Type': 'Celeron', 'Processor Speed': '2.9 GHz', 'Processor Count': '1', 'Memory Technology': 'DDR4', 'Computer Memory Type': 'DDR4 SDRAM', 'Maximum Memory Supported': '12 GB', 'Hard Drive Size': '512 GB', 'Hard Disk Description': 'SSD', 'Hard Drive Interface': 'Solid State', 'Audio Details': 'internal', 'Graphics Chipset Brand': 'Intel', 'Graphics Card Description': 'Integrated', 'Graphics RAM Type': 'DDR4 SDRAM', 'Graphics Card Interface': 'Integrated', 'Connectivity Type': 'Wi-Fi', 'Wireless Type': '802.11ax', 'Number of USB 3.0 Ports': '2', 'Number of HDMI Ports': '1', 'Voltage': '5 Volts', 'Optical Drive Type': 'no', 'Operating System': '1', 'Are Batteries Included': 'Yes', 'Lithium Battery Energy Content': '7000 Milliampere Hour (mAh)', 'Lithium Battery Packaging': 'Batteries contained in equipment', 'Number Of Lithium Ion Cells': '1', 'Item Weight': '1.69 kg', 'Guaranteed software updates until': 'unknown', 'ASIN': 'B0DB4YRB42', 'Customer Reviews': '4.7 out of 5 stars', 'Best Sellers Rank': '9,768 in Computers & Accessories ( See Top 100 in Computers & Accessories )      93 in  Traditional Laptops', 'Delivery information:': 'We cannot deliver certain products outside mainland UK (  Details ). We will only be able to confirm if this product can be delivered to your chosen address when you enter your delivery address at checkout.', 'Date First Available': '25 July 2024'}",,,B0DB4YRB42,B0DB4YRB42,,"https://m.media-amazon.com/images/I/615VjgJhAgL._AC_SL1500_.jpg,https://m.media-amazon.com/images/I/71iAOz5CzPL._AC_SL1500_.jpg,https://m.media-amazon.com/images/I/71zWMSfzE1L._AC_SL1500_.jpg,https://m.media-amazon.com/images/I/71gZ4H3cfAL._AC_SL1500_.jpg,https://m.media-amazon.com/images/I/71AMio4zUgL._AC_SL1500_.jpg,https://m.media-amazon.com/images/I/71LjGDxkkAL._AC_SL1500_.jpg,https://m.media-amazon.com/images/I/8154RuUF-dL._AC_SL1500_.jpg"
https://www.amazon.co.uk/Dell-Latitude-7490-Laptop-Windows/dp/B0BY935ZF9/ref=zg_bs_g_30117754031_d_sccl_24/000-0000000-0000000?psc=1,Dell,"Dell Latitude 7490 Laptop Windows 11 Pro - 14"" Full HD (1920x1080) Quad Core i5-8350U 16GB DDR4 256GB SSD HDMI USB-C WiFi WebCam (Renewed)",,¬£208.53,dr.memory,dr.memory,," For your peace of mind included with Premium Internet Security Software (Antivirus)  , Office Package included: 30-day trial of Microsoft Office 365  , Operating System: Genuine Windows 11 Professional 64-Bit preinstalled  , Processor: Fast Intel Core i5 8th Gen. Intel Core i5-8350U 1.70 GHz, Memory: 16GB RAM Memory, Hard Drive: 256 GB Solid State Drive  , Dimensions (WxDxH): 33.10 cm x 22.09 cm x 17.47 cm - Weight: 1.4 kg  ","The ultimate 14"" productivity tool, designed for better security, manageability and reliability. Built with a versatile design and essential business features. ...","{'Brand': 'Dell', 'Product Dimensions': '33.1 x 22.09 x 17.47 cm; 1.4 kg', 'Batteries': '2 Lithium Ion batteries required. (included)', 'Item model number': '7490', 'Manufacturer': 'Dell', 'Series': 'Latitude 7490', 'Form Factor': 'Laptop', 'Standing screen display size': '14 Inches', 'Notebook Display Technology': 'LED', 'Screen Resolution': '1920x1080', 'Resolution': '1920x1080 Pixels', 'Processor Brand': 'Intel', 'Processor Type': 'Core i5', 'Processor Speed': '1.7 GHz', 'Processor Count': '4', 'RAM Size': '16 GB', 'Memory Technology': 'DDR4', 'Computer Memory Type': 'DDR4 SDRAM', 'Maximum Memory Supported': '16 GB', 'Hard Drive Size': '256 GB', 'Hard Disk Description': 'SSD', 'Hard Drive Interface': 'Solid State', 'Audio Details': 'Speakers', 'Speaker Description': 'Integrated speakers', 'Graphics Coprocessor': 'Intel UHD Graphics 620', 'Graphics Chipset Brand': 'Intel', 'Graphics Card Description': 'Intel UHD Graphics 620', 'Graphics Card Ram Size': '16 GB', 'Connectivity Type': 'Wi-Fi', 'Wireless Type': '802.11n', 'Number of USB 3.0 Ports': '3', 'Number of HDMI Ports': '1', 'Number of Ethernet Ports': '1', 'Voltage': '5 Volts', 'Optical Drive Type': 'No Optical Drive', 'Power Source': 'AC & Battery', 'Hardware Platform': 'PC', 'Operating System': 'Windows 11 Pro', 'Are Batteries Included': 'Yes', 'Lithium Battery Energy Content': '24 Watt Hours', 'Lithium Battery Packaging': 'Batteries contained in equipment', 'Number Of Lithium Ion Cells': '3', 'Item Weight': '1.4 kg', 'Guaranteed software updates until': 'unknown', 'ASIN': 'B0BY935ZF9', 'Customer Reviews': '3.5 out of 5 stars', 'Best Sellers Rank': '7,924 in Computers & Accessories ( See Top 100 in Computers & Accessories )      12 in  Renewed Laptops      50 in  Renewed Computers & Accessories      74 in  Traditional Laptops', 'Delivery information:': 'We cannot deliver certain products outside mainland UK (  Details ). We will only be able to confirm if this product can be delivered to your chosen address when you enter your delivery address at checkout.', 'Date First Available': '13 Mar. 2023'}",,,B0BY935ZF9,B0BY935ZF9,,"['https://m.media-amazon.com/images/I/610YaGHQI0L._AC_SL1002_.jpg', None, None, None, None]"
https://www.amazon.co.uk/15-6-Laptop-Quad-Core-Processor-Computers/dp/B0D7HQBWBB/ref=zg_bs_g_429886031_d_sccl_1/000-0000000-0000000?psc=1,LEEDOW,"15.6"" Laptop - 16GB RAM 512GB SSD PC Laptop, Quad-Core N95 Processor Up to 3.1GHz, Laptop Computers with Touch ID, WiFi, BT4.2, for Students/Business",,¬£296.99,SUN ICE LIMITED,Amazon,4.99," üíª„ÄêExtraordinary Performance„Äëlaptops uses the latest 12th generation Alder Lake N95 processor with a burst frequency of 3.4GHz and integrated UHD graphics up to 1200MHz for stronger graphics performance. Equipped with 16GB RAM DDR4 512GB SSD high-speed memory, can meet the smooth experience of most people's daily work, study and entertainment. Expandable to up to 1TB Via SSD(can be installed on the bottom of the laptop), you can upgrade your own SSD with zero compromise.  , üíª„Äê15.6 Immersive Large Display„ÄëLaptop pc is equipped with a 15.6-inch UHD, 1920√ó1080 display for HD smooth video playback, enjoy smooth playback on a vibrant, lifelike color screen. The notebook's dual stereo speakers and 720p front-facing camera enable hassle-free communication, making it easy to have high-quality conversations up close and personal with family and friends.  , üíª„ÄêMore Personal & Privacy-Focused„ÄëTo reduce the risk of information leakage, this notebook PC has Touch ID fingerprint unlocking function, which can be unlocked without entering a password. what's more, this systerm also has another 2 unlocking methods, you can use PIN code or password to unlock, which has help protect personal data.  , üíª„ÄêMultiple interfaces, thin and light laptop„ÄëRich interface configurations. chromebook Equipped with 3 USB 3.0 and HDMI interfaces. Whether you connect an external large screen projector or headphones, it is very efficient and convenient. laptop It weighs only 3.3 pounds and is only 0.78 inches thick, making it easy to carry.  , üíª„ÄêExtra Long Battery Life„ÄëThis laptop is equipped with a 5000mAh rechargeable battery, which provides ultra-long operation and reduces recharge time. It comes with a smart cooling fan that ensures continuous operation and minimizes noise so you can focus on work or entertainment.  ",,"{'Brand': 'LEEDOW', 'Product Dimensions': '1 x 1 x 1 cm; 1.55 kg', 'Batteries': '1 Lithium Polymer batteries required. (included)', 'Item model number': 'ANL-N95', 'Manufacturer': 'Intel', 'Series': 'ANL-N95', 'Form Factor': 'Ultra-Portable', 'Standing screen display size': '15.6 Inches', 'Screen Resolution': '1920 x 1080 pixels', 'Resolution': '1920x1080', 'Processor Brand': 'Intel', 'Processor Type': 'Celeron', 'Processor Speed': '3.4 GHz', 'Processor Socket': 'LGA 1150', 'Memory Technology': 'DDR4', 'Maximum Memory Supported': '16 GB', 'Hard Drive Size': '512 GB', 'Hard Disk Description': 'SSD', 'Hard Drive Interface': 'eSATA', 'Hard Disk Rotational Speed': '7200 RPM', 'Audio Details': 'Internal', 'Speaker Description': 'Dual stereo speakers', 'Graphics Card Description': 'Integrated', 'Graphics RAM Type': '72-Pin EDO SIMM Memory', 'Graphics Card Ram Size': '8', 'Graphics Card Interface': 'Integrated', 'Connectivity Type': 'Bluetooth, Wi-Fi', 'Wireless Type': '802.11a/b/g/n/ac', 'Number of USB 3.0 Ports': '3', 'Number of HDMI Ports': '1', 'Operating System': 'DOS', 'Are Batteries Included': 'Yes', 'Lithium Battery Energy Content': '38 Watt Hours', 'Lithium Battery Packaging': 'Batteries contained in equipment', 'Number Of Lithium Ion Cells': '2', 'Item Weight': '1.55 kg', 'Guaranteed software updates until': 'unknown', 'ASIN': 'B0D7HQBWBB', 'Customer Reviews': '4.1 out of 5 stars', 'Best Sellers Rank': '7,938 in Computers & Accessories ( See Top 100 in Computers & Accessories )      75 in  Traditional Laptops', 'Delivery information:': 'We cannot deliver certain products outside mainland UK (  Details ). We will only be able to confirm if this product can be delivered to your chosen address when you enter your delivery address at checkout.', 'Date First Available': '19 Jun. 2024'}",,,B0D7HQBWBB,B0D7HQBWBB,,"https://m.media-amazon.com/images/I/81+KXB3kqJL._AC_SL1500_.jpg,https://m.media-amazon.com/images/I/91YpSp0XT8L._AC_SL1500_.jpg,https://m.media-amazon.com/images/I/81rh1KkyByL._AC_SL1500_.jpg,https://m.media-amazon.com/images/I/91EPR59t6qL._AC_SL1500_.jpg,https://m.media-amazon.com/images/I/91afCpPHpvL._AC_SL1500_.jpg,https://m.media-amazon.com/images/I/713kMvMmk5L._AC_SL1500_.jpg,https://m.media-amazon.com/images/I/81jIasTOA6L._AC_SL1500_.jpg"
https://www.amazon.co.uk/Apple-MacBook-Air-13-Renewed/dp/B07NZ679B8/ref=zg_bs_g_429886031_d_sccl_24/000-0000000-0000000?psc=1,Apple,"Apple MacBook Air 13"" (2017) - Core i5 1.8GHz, 8GB RAM, 128GB SSD (Renewed)",,¬£244.0, 1 CLICK CRAZY DEALS , 1 CLICK CRAZY DEALS ,," Item Package Dimension: 14.29921258384L X 10.59842518604W X 2.99999999694H inch  , Item Package Weight - 4.850169764 Pounds  , Item Package Quantity - 1  , Product Type - Notebook Computer  ","This pre-owned or refurbished product has been professionally inspected and tested to work and look like new. How a product becomes part of Amazon Renewed, your destination for pre-owned, refurbished products: A customer buys a new product and returns it or trades it in for a newer or different model. That product is inspected and tested to work and look like new by Amazon-qualified suppliers. Then, the product is sold as an Amazon Renewed product on Amazon. If not satisfied with the purchase, renewed products are eligible for replacement or refund under the Amazon Renewed Guarantee.","{'Brand': 'Apple', 'Product Dimensions': '36.2 x 26.59 x 7.11 cm; 1.35 kg', 'Item model number': 'a1466', 'Manufacturer': 'Apple Computer', 'Colour': 'Silver', 'Form Factor': 'Laptop', 'Standing screen display size': '13 Inches', 'Screen Resolution': '1440x900', 'Processor Brand': 'Intel', 'Processor Type': 'Core i5', 'Processor Speed': '1.8 GHz', 'Processor Count': '2', 'RAM Size': '8 GB', 'Memory Technology': 'DDR3', 'Computer Memory Type': 'DDR3 SDRAM', 'Memory Clock Speed': '1600 MHz', 'Hard Drive Size': '128 GB', 'Hard Disk Description': 'SSD', 'Audio Details': 'Speakers', 'Graphics Coprocessor': 'Intel HD Graphics 6000', 'Graphics Chipset Brand': 'Intel', 'Graphics Card Description': 'Intel HD Graphics 6000', 'Wireless Type': '802.11ac', 'Voltage': '120 Volts', 'Wattage': '60.00', 'Operating System': 'Mac OS', 'Average Battery Life (in hours)': '12 Hours', 'Are Batteries Included': 'No', 'Lithium Battery Energy Content': '54 Watt Hours', 'Lithium Battery Packaging': 'Batteries contained in equipment', 'Lithium Battery Voltage': '15 Volts', 'Lithium Battery Weight': '10 g', 'Number Of Lithium Ion Cells': '4', 'Item Weight': '1.35 kg', 'Guaranteed software updates until': 'unknown', 'ASIN': 'B07NZ679B8', 'Customer Reviews': '4.5 out of 5 stars', 'Best Sellers Rank': '2,811 in Computers & Accessories ( See Top 100 in Computers & Accessories )      3 in  Renewed Laptops      10 in  Renewed Computers & Accessories      22 in  Traditional Laptops', 'Delivery information:': 'We cannot deliver certain products outside mainland UK (  Details ). We will only be able to confirm if this product can be delivered to your chosen address when you enter your delivery address at checkout.', 'Date First Available': '22 Feb. 2019'}",,,B07NZ679B8,B07NZ679B8,,"https://m.media-amazon.com/images/I/51NQH-PPhKL._AC_SL1024_.jpg,https://m.media-amazon.com/images/I/41-r61ziiLL._AC_SL1024_.jpg"
https://www.amazon.co.uk/HP-15-ed0006na-15-6-inch-Convertible-Natural/dp/B0877KTRW3/ref=zg_bs_g_30117755031_d_sccl_14/000-0000000-0000000?psc=1,HP,"HP Envy x360 15-ed0006na 15.6-inch Full HD Touch Screen Convertible Laptop with Stylus (Natural Silver) - (Intel Core i5-1035G1, 8 GB RAM, 512 GB SSD, Windows 10 Home)",,,Merchant Video,,," Fingerprint Reader - Keep it confidential. Security for your peace of mind. Log on quickly and securely with the fingerprint reader  , Camera Shutter and Microphone Mute Button - Keep it confidential. Use the unhackable camera shutter to ensure your privacy and the dedicated microphone mute button to keep your conversations private  , FHD Micro-Edge Touch Display with Stylus - Vibrant, high definition micro-edge display with 360 hinge that adapts to you. Simultaneous pen and touch support - 4 different modes  , Footprint & screen-to-body-ratio (STBR) - Minimalist design - narrow bezel on 4-sides with 88 percent+ screen-to-body-ratio (STBR). 15 Inch display almost within 14 Inch footprint  , 360 degrees with a geared hinge - use your device in four positions. Work in laptop position, watch in reverse position, play in tent position and go in tablet mode  ",,"{'Brand': 'HP', 'Product Dimensions': '35.8 x 23 x 1.89 cm; 1.76 kg', 'Item model number': '15-ed0006na', 'Manufacturer': 'HP', 'Series': 'Envy x360', 'Colour': 'Natural Silver', 'Form Factor': 'Laptop, Convertible', 'Standing screen display size': '15.6 Inches', 'Screen Resolution': '1920 x 1080 pixels', 'Resolution': '1920x1080', 'Processor Brand': 'Intel', 'Processor Count': '4', 'RAM Size': '8 GB', 'Memory Technology': 'DDR4', 'Computer Memory Type': 'DDR4 SDRAM', 'Hard Drive Size': '512 GB', 'Hard Disk Description': 'SSD', 'Hard Drive Interface': 'Solid State', 'Audio Details': 'Headphones', 'Graphics Chipset Brand': 'Intel', 'Graphics Card Description': 'Dedicated', 'Graphics Card Ram Size': '8 GB', 'Graphics Card Interface': 'Integrated', 'Connectivity Type': 'Bluetooth, Wi-Fi', 'Wireless Type': 'Bluetooth, 802.11ax', 'Number of HDMI Ports': '4', 'Wattage': '65 watts', 'Operating System': 'Windows 10 Home', 'Are Batteries Included': 'Yes', 'Lithium Battery Energy Content': '51 Watt Hours', 'Lithium Battery Packaging': 'Batteries contained in equipment', 'Number Of Lithium Ion Cells': '3', 'Item Weight': '1.76 kg', 'Guaranteed software updates until': 'unknown', 'ASIN': 'B0877KTRW3', 'Customer Reviews': '4.4 out of 5 stars', 'Best Sellers Rank': '61,492 in Computers & Accessories ( See Top 100 in Computers & Accessories )      43 in  2 in 1 Laptops', 'Date First Available': '17 April 2020'}",,,B0877KTRW3,B0877KTRW3,,"https://m.media-amazon.com/images/I/81O8xyefQBL._AC_SL1500_.jpg,https://m.media-amazon.com/images/I/71AMfG6RYyL._AC_SL1500_.jpg,https://m.media-amazon.com/images/I/81EGDSHcH9L._AC_SL1500_.jpg,https://m.media-amazon.com/images/I/81WJM+TrwhL._AC_SL1500_.jpg,https://m.media-amazon.com/images/I/91CMN-l1I1L._AC_SL1500_.jpg,https://m.media-amazon.com/images/I/81meEmGwY+L._AC_SL1500_.jpg,https://m.media-amazon.com/images/I/81TEY4Y02AL._AC_SL1500_.jpg"
https://www.amazon.co.uk/Lenovo-IdeaPad-16ABR8-Touchscreen-Windows/dp/B0CQ59SW3F/ref=zg_bs_g_30117755031_d_sccl_10/000-0000000-0000000?psc=1,Lenovo,"Lenovo IdeaPad Flex 5 16ABR8 16"" Touchscreen Laptop (AMD Ryzen 5 7530U, 8GB RAM, 512GB SSD, Full HD+, Windows 11 Home, Blue) Blue",,,,,," 16"" Full HD+ IPS Touchscreen || AMD Ryzen 5 7350U Hexa Core CPU || 8GB DDR4 RAM || 512GB M.2 NVMe SSD || AMD Radeon Graphics || Windows 11 Home  , Durable & flexible for on-the-go use: Do anything, anywhere with the IdeaPad Flex 5 Gen 8 2-in-1 laptop‚Äôs tough-tested, durable 360-degree hinge. Whether you‚Äôre streaming or working, lying down or sitting up, get a better angle for more ergonomic typing with a drop-down hinge that lifts your keyboard while in laptop mode.  , Accelerate your creative & work process: The IdeaPad Flex 5 Gen 8 is built to handle your creative and work life with a full-function USB-C port for faster data transfer, power delivery, and expanded display capabilities. And with WiFi 6, you can expect a faster, more stable connectivity, while the rapid charge feature will boost the battery life by up to two hours in just 15 minutes.  , Improved videocalls for a hybrid lifestyle: Take full control over how you look and sound during videocalls with the IdeaPad Flex 5 Gen 8. A privacy shutter on the high quality FHD camera helps keep you secure from prying eyes, while ensuring call participants can only hear your voice. Plus, with smart noise-cancelling, you get a more natural sound that cuts out background noise.  ","Durable & flexible for on-the-go use,Do anything, anywhere with the IdeaPad Flex 5 Gen 8 2-in-1 laptop‚Äôs tough-tested, durable 360-degree hinge. Whether you‚Äôre streaming or working, lying down or sitting up, get a better angle for more ergonomic typing with a drop-down hinge that lifts your keyboard while in laptop mode., ,Accelerate your creative & work process,The IdeaPad Flex 5 Gen 8 is built to handle your creative and work life with a full-function USB-C port for faster data transfer, power delivery, and expanded display capabilities. And with WiFi 6, you can expect a faster, more stable connectivity, while the rapid charge feature will boost the battery life by up to two hours in just 15 minutes., ,Improved videocalls for a hybrid lifestyle,Take full control over how you look and sound during videocalls with the IdeaPad Flex 5 Gen 8. A privacy shutter on the high quality FHD camera helps keep you secure from prying eyes, while ensuring call participants can only hear your voice. Plus, with smart noise-cancelling, you get a more natural sound that cuts out background noise.,‚òÖ‚òÖSPECIFICATIONS‚òÖ‚òÖ,PERFORMANCE,Processor | CPU: AMD Ryzen 5 7530U (6C / 12T, 2.0 / 4.5GHz, 3MB L2 / 16MB L3),Memory | RAM: 8GB Soldered LPDDR4x-4266MHz RAM,Storage Type: SSD / Solid State Drive,Solid State Drive | SSD: 512GB SSD M.2 2242 PCIe 4.0x4 NVMe,Hard Disk Drive | HDD: None,Graphics | GPU: Integrated AMD Radeon Graphics,Audio | Speakers: Front-facing stereo speakers, 2W x2, optimized with Dolby Audio,Camera | Webcam: FHD 1080p with Privacy Shutter,Microphone: 2x, Array Microphone,Battery Integrated: 52.5Wh,Power Adaptor: 65W Round Tip (3-pin),DESIGN,Display | Screen: 16"" WUXGA (1920x1200) IPS 300nits Glossy, 45% NTSC, T√úV Low Blue Light, Glass, Touch,Touchscreen: 10-point Multi-touch,Keyboard: UK QWERTY Keyboard,Keyboard Backlight: White Backlit,Colour: Abyss Blue,Dimensions (WxDxH): 357.8 x 253.9 x 18.7 mm (14.09 x 9.99 x 0.74 inches),Weight: Starting at 2.1 kg (4.63 lbs),SOFTWARE,Operating System: Windows 11 Home,FEATURES,Ethernet: No Onboard Ethernet,Wireless: Wi-Fi 6, 11ax 2x2,Bluetooth: Bluetooth 5.1,Fingerprint Reader: Touch Style, on Palm Rest,Optical Drive: No Optical Drive, ,Ports ,1x Card reader,1x HDMI 1.4b,1x Headphone / microphone combo jack (3.5mm),1x Power connector,1x USB 3.2 Gen 1,1x USB 3.2 Gen 1 (Always On),1x USB-C 3.2 Gen 2 (support data transfer, Power Delivery 3.0 and DisplayPort 1.4)","{'Brand': 'Lenovo', 'Product Dimensions': '35.78 x 1.87 x 25.39 cm; 1.7 kg', 'Manufacturer': 'Lenovo', 'Series': '16ABR8', 'Colour': 'Abyss Blue', 'Form Factor': 'Convertible', 'Standing screen display size': '16 Inches', 'Screen Resolution': '1920 x 1080 pixels', 'Resolution': '1920x1080', 'Processor Brand': 'AMD', 'Processor Type': 'Ryzen 5', 'Processor Speed': '4.5 GHz', 'Processor Count': '6', 'Memory Technology': 'LPDDR4X', 'Maximum Memory Supported': '8 GB', 'Hard Drive Size': '512 GB', 'Hard Disk Description': 'SSD', 'Audio Details': 'Speakers', 'Graphics Coprocessor': 'AMD Radeon Graphics', 'Graphics Chipset Brand': 'AMD', 'Graphics Card Description': 'Integrated', 'Graphics RAM Type': 'Shared', 'Graphics Card Interface': 'Integrated', 'Connectivity Type': 'Bluetooth, Wi-Fi', 'Number of USB 3.0 Ports': '2', 'Operating System': 'Windows 11 Home', 'Item Weight': '1.7 kg', 'Guaranteed software updates until': 'unknown', 'ASIN': 'B0CQ59SW3F', 'Best Sellers Rank': '110,265 in Computers & Accessories ( See Top 100 in Computers & Accessories )      90 in  2 in 1 Laptops', 'Date First Available': '13 Dec. 2023'}",,,B0CQ59SW3F,B0CQ59SW3F,,"https://m.media-amazon.com/images/I/61J-fxUjmpL._AC_SL1500_.jpg,https://m.media-amazon.com/images/I/61mlE5sKUBL._AC_SL1500_.jpg,https://m.media-amazon.com/images/I/61Sl-U1fGqL._AC_SL1500_.jpg,https://m.media-amazon.com/images/I/615yDMG5rjL._AC_SL1500_.jpg,https://m.media-amazon.com/images/I/71R-9Py+PQL._AC_SL1500_.jpg,https://m.media-amazon.com/images/I/61wtSOzPQEL._AC_SL1500_.jpg,https://m.media-amazon.com/images/I/61FbGURerpL._AC_SL1500_.jpg,https://m.media-amazon.com/images/I/71QZ1nhL4AL._AC_SL1500_.jpg,https://m.media-amazon.com/images/I/51OuPhb6DYL._AC_SL1500_.jpg"
https://www.amazon.co.uk/Dell-Inspiron-14-Touchscreen-Windows/dp/B09HVC869M/ref=zg_bs_g_30117755031_d_sccl_17/000-0000000-0000000?psc=1,Dell,"Dell Inspiron 7415 14"" FHD 2-in-1 Laptop, AMD Ryzen 7 5700U, 16GB RAM, 512GB SSD, Touchscreen, Windows 11 Home (Mist Blue)",,¬£849.0,TPLUK,TPLUK,," Versatile modes: Get the functionality of a laptop with the flexibility of a tablet with a 360¬∞ hinge that allows for a seamless switch between laptop, tent, stand, and tablet mode.  , Borderless views: Enjoy thin bezels to minimize distractions for a better cinema, document, and web browsing experience.  , Modern Standby: Turn on your device simply by opening it up.  , Thoughtful design: A newly designed and ergonomically positioned lift hinge increases comfort while keyboard enhancements provide a more comfortable typing experience.  , Faster connections: Experience lightning-fast WiFi 6 and extended battery life as you get up and running quickly with Modern Standby which turns on your device simply by opening it up  ",,"{'Brand': 'Dell', 'Product Dimensions': '21.13 x 32.16 x 1.78 cm; 1.65 kg', 'Batteries': '1 Lithium Polymer batteries required. (included)', 'Item model number': 'Dell Inspiron 14 2 in 1', 'Manufacturer': 'Dell', 'Series': 'Dell Inspiron 14 2 in 1 7415', 'Colour': 'Mist Blue', 'Form Factor': 'Convertible', 'Standing screen display size': '14', 'Screen Resolution': '1920 x 1080 pixels', 'Resolution': '1920x1080 Pixels', 'Processor Brand': 'AMD', 'Processor Type': 'Ryzen 7', 'Processor Speed': '4.3 GHz', 'Processor Count': '1', 'RAM Size': '16 GB', 'Memory Technology': 'DDR4', 'Computer Memory Type': 'DDR4 SDRAM', 'Maximum Memory Supported': '16 GB', 'Hard Drive Size': '512 GB', 'Hard Disk Description': 'SSD', 'Hard Drive Interface': 'Solid State', 'Audio Details': 'Speakers', 'Graphics Chipset Brand': 'AMD', 'Graphics Card Description': 'Integrated', 'Graphics RAM Type': 'Shared', 'Graphics Card Ram Size': '16 GB', 'Graphics Card Interface': 'Integrated', 'Connectivity Type': 'Bluetooth, Wi-Fi', 'Wireless Type': 'Bluetooth, 802.11ax', 'Number of USB 3.0 Ports': '3', 'Number of HDMI Ports': '1', 'Voltage': '24 Volts', 'Operating System': 'Windows 11 Home', 'Average Battery Life (in hours)': '11.5 Hours', 'Are Batteries Included': 'Yes', 'Lithium Battery Energy Content': '42 Watt Hours', 'Lithium Battery Packaging': 'Batteries contained in equipment', 'Number Of Lithium Ion Cells': '4', 'Item Weight': '1.65 kg', 'Guaranteed software updates until': 'unknown', 'ASIN': 'B09HVC869M', 'Customer Reviews': '4.7 out of 5 stars', 'Best Sellers Rank': '92,446 in Computers & Accessories ( See Top 100 in Computers & Accessories )      67 in  2 in 1 Laptops', 'Delivery information:': 'We cannot deliver certain products outside mainland UK (  Details ). We will only be able to confirm if this product can be delivered to your chosen address when you enter your delivery address at checkout.', 'Date First Available': '6 Oct. 2021'}",,,B09HVC869M,B09HVC869M,,"https://m.media-amazon.com/images/I/715FZtBlvBS._AC_SL1500_.jpg,https://m.media-amazon.com/images/I/71SPfoG+4fS._AC_SL1500_.jpg,https://m.media-amazon.com/images/I/71b5wrPpMiS._AC_SL1500_.jpg,https://m.media-amazon.com/images/I/71nlMaPI1lS._AC_SL1500_.jpg,https://m.media-amazon.com/images/I/61fV4al5yPS._AC_SL1500_.jpg,https://m.media-amazon.com/images/I/51oZRrfDqPS._AC_SL1500_.jpg,https://m.media-amazon.com/images/I/51lTFr94vlS._AC_SL1500_.jpg,https://m.media-amazon.com/images/I/5136gqP7LaS._AC_SL1500_.jpg,https://m.media-amazon.com/images/I/714HUspaz8S._AC_SL1500_.jpg,https://m.media-amazon.com/images/I/71QCQ38dztS._AC_SL1500_.jpg,https://m.media-amazon.com/images/I/71YFTKIaCCS._AC_SL1500_.jpg,https://m.media-amazon.com/images/I/61L8Z2pfgFS._AC_SL1500_.jpg,https://m.media-amazon.com/images/I/61lWOlwyABS._AC_SL1500_.jpg,https://m.media-amazon.com/images/I/711ajaPyTiL._AC_SL1500_.jpg,https://m.media-amazon.com/images/I/61jxYCrSgLL._AC_SL1500_.jpg,https://m.media-amazon.com/images/I/61I5aPDMHLL._AC_SL1500_.jpg"
https://www.amazon.co.uk/Samsung-Galaxy-Book4-Laptop-Moonstone/dp/B0CS6MMSJ1/ref=zg_bs_g_30117755031_d_sccl_19/000-0000000-0000000?psc=1,Samsung,"Samsung Galaxy Book4 Pro 360 Laptop (2024) 16"" Intel Core Ultra 7 16GB 512GB Moonstone Grey",¬£1499.99,¬£1,Samsung Mobile (UK) - MI,Tenor Tech Ltd,," Next level AI Performance: Supercharge your creativity with the lightning-fast Intel Core Ultra processor, AI performance for high-speed, accurate and power-efficient image generation, so you can complete even high demanding projects with ease ¬π ¬≤  , Tap to get creative: Write, draw and navigate using your fingertips or the included S Pen on the touchscreen of Galaxy Book4 Pro 360, Experience a clear view of your favourite content with Corning Gorilla Glass with DX and anti-reflective cover¬≤ ¬≥ ‚Å∑  , Illuminate your ideas: Bring your artistic vision to life on the 16-inch display, Vision Booster allows you to see your display clearly even in bright sunlight by adjusting contrast and colours based on lighting conditions ‚Å∏ ‚Åπ  , Plug in for more possibilities: Connect what you need and navigate quickly with the large touch pad and multifunctional built-in ports, Enhanced HDMI, USB-A, MicroSD slot and two Thunderbolt 4 ports for rapid 40 Gbps data transfers  , Use your phone as a connected camera: Upgrade your video calls from standard laptop webcam to stunning clarity, Switch between front and rear camera to enjoy a high quality picture with enhanced video effects in video applications ¬π‚Å∞ ¬π¬π ¬π¬≤  ",,"{'Brand': 'Samsung', 'Product Dimensions': '35.54 x 25.22 x 1.28 cm; 1 kg', 'Batteries': '1 Lithium Ion batteries required. (included)', 'Manufacturer': 'Samsung', 'Series': 'Galaxy Book4 Pro 360', 'Colour': 'Laptop Only', 'Form Factor': 'Laptop', 'Standing screen display size': '16 Inches', 'Screen Resolution': '1920 x 1080 pixels', 'Resolution': '2880x1800 Pixels', 'Processor Brand': 'Intel', 'Processor Type': 'Intel Core i7', 'Processor Speed': '3.8 GHz', 'Processor Count': '1', 'Memory Technology': 'LPDDR5X', 'Maximum Memory Supported': '16 GB', 'Hard Disk Description': 'SSD', 'Audio Details': 'Speakers', 'Speaker Description': 'Built-in speakers', 'Graphics Coprocessor': 'Intel Arc', 'Graphics Chipset Brand': 'Intel', 'Graphics Card Description': 'Intel Arc (Shared)', 'Graphics RAM Type': 'PC800', 'Graphics Card Interface': 'Integrated', 'Connectivity Type': 'Bluetooth, Wi-Fi', 'Number of USB 2.0 Ports': '1', 'Number of USB 3.0 Ports': '1', 'Number of HDMI Ports': '1', 'Voltage': '230 Volts', 'Optical Drive Type': 'BD-R', 'Operating System': 'Windows 11 Home', 'Are Batteries Included': 'Yes', 'Lithium Battery Energy Content': '76 Watt Hours', 'Lithium Battery Packaging': 'Batteries contained in equipment', 'Number Of Lithium Ion Cells': '4', 'Item Weight': '1 kg', 'Guaranteed software updates until': 'unknown', 'ASIN': 'B0CS6MMSJ1', 'Customer Reviews': '4.0 out of 5 stars', 'Best Sellers Rank': '67,775 in Computers & Accessories ( See Top 100 in Computers & Accessories )      48 in  2 in 1 Laptops', 'Delivery information:': 'We cannot deliver certain products outside mainland UK (  Details ). We will only be able to confirm if this product can be delivered to your chosen address when you enter your delivery address at checkout.', 'Date First Available': '14 Feb. 2024'}",,,B0CS6MMSJ1,B0CS6MMSJ1,,"https://m.media-amazon.com/images/I/618cp2KvXQL._AC_SL1500_.jpg,https://m.media-amazon.com/images/I/71BHmolNFpL._AC_SL1500_.jpg,https://m.media-amazon.com/images/I/61XMxhNwZwL._AC_SL1500_.jpg,https://m.media-amazon.com/images/I/61lA0cwn6cL._AC_SL1500_.jpg,https://m.media-amazon.com/images/I/71VnRLkCP2L._AC_SL1500_.jpg,https://m.media-amazon.com/images/I/713YgDIm3BL._AC_SL1500_.jpg,https://m.media-amazon.com/images/I/71M02GvccaL._AC_SL1500_.jpg,https://m.media-amazon.com/images/I/71jWUObkqFL._AC_SL1500_.jpg,https://m.media-amazon.com/images/I/61FOXYzB0jL._AC_SL1500_.jpg,https://m.media-amazon.com/images/I/61ASvGKV+HL._AC_SL1500_.jpg,https://m.media-amazon.com/images/I/51GQF0O8nvL._AC_SL1500_.jpg"
