Koln,Cologne
Frankfurt am Main,Frankfurt
Frankfurt a. Main,Frankfurt
Frankfurt Am Main,Frankfurt
Frankfurt A. Main,Frankfurt
Göteborg,Gothenburg
Hong Kong SAR,Hong Kong
Kuwait,Kuwait City
New Jersey,Newark
Singapore City,Singapore
Washington DC,"Washington, D.C."
Washington D.C.,"Washington, D.C."
Washington,"Washington, D.C."
Gurugram,New Delhi
New York,New York City
Costa Rica,San José
Africa,Mahdia
Bangalore,Bengaluru
München,Munich
Palma de Mallorca,Palma
Ho Chi Minh City,Ho Chi Minh
Fier-Cifci,Fier
India,New Delhi
Ireland,Dublin
Long Island City,Long Island
Washington D.C.,Washington
Kiev,Kyiv
NY,New York City
Ciudad Autonoma Buenos Aires,Buenos Aires
Wilayah Persekutuan Kuala Lumpur,Kuala Lumpur
"New York, NY, United States",New York City
"San Francisco, CA, United States",San Francisco
"Miami, FL, United States",Miami
"Houston, TX, United States",Houston
"Chicago, IL, United States",Chicago
"San Antonio, TX, United States",San Antonio
"Columbus, OH, United States",Columbus
"Tempe, AZ, United States",Tempe
"Plano, TX, United States",Plano
"Wilmington, DE, United States",Wilmington
Philippines,Philippines
"Palo Alto, CA, United States",Palo Alto
"Jersey City, NJ, United States",Jersey City
"Mumbai, Maharashtra",Mumbai
"Boston, MA, United States",Boston
"Dallas, TX, United States",Dallas
"NY, United States",New York City
"Paris, Paris",Paris
"Sao Paulo, SP",São Paulo
"LONDON, LONDON, United Kingdom",London
Tokyo-To,Tokyo
Ciudad Autónoma de Buenos Aires,Buenos Aires
Tel Aviv - Jaffa,Tel Aviv
"Westlake Village, CA, United States",Westlake Village
"Los Angeles, CA, United States",Los Angeles
"Central and Western, Hong Kong Island, Hong Kong",Hong Kong
"Seoul, Korea, Republic of",Seoul
Japan,Tokyo
Frankfurt a. Main,Frankfurt
"STOCKHOLM, STOCKHOLM",Stockholm
"Sydney, NSW",Sydney
"Calgary, AB",Calgary
"Washington, DC, United States","Washington, D.C."
"Atlanta, GA, United States",Atlanta
Frankfurt Am Main,Frankfurt
"Toronto, ON",Toronto
Taipei City,Taipei
Henrico,Henrico
"Americas, Asia Pacific, Europe, Middle East",Remote
Israel,Jerusalem
Dallas - Fort Worth Metro Area,Dallas
San Francisco Bay Area,San Francisco Bay Area
Sacramento Metro Area,Colonia del Sacramento
Virtual Location - Ohio,Remote
Muenchen,Munich
Annapolis Junction,Simao Dias
Westborough,Westborough
North Reading,Elizabeth City
Pasay City,Pasay
San Francisco De Heredia,San Francisco El Alto
Siero,Siero
Sumner,Sumner
Washington Dc,"Washington, D.C."
San Fransisco,San Francisco
Causeway Bay,Causeway Bay
Multiple Locations,Remote
Bukit Jalil,Kuala Lumpur
Fu Zhou,Fuzhou
Cyberport,Cyberport
Virtual Location - California,Remote
APAC-HQ,Remote
Virtual,Remote
Issy Les Moulineaux,Issy-Les-Moulineaux
Schiphol,Amsterdam
North Mumbai,Mumbai
West Mumbai,Mumbai
East Mumbai,Mumbai
Virtual Location - Massachuset,Remote
Virtual Location - New Hampshi,Richmond
Virtual Location - Connecticut,Remote
Virtual Location - Maryland,Remote
Virtual Location - New York,New York City
Virtual Location - Wa Dc,Remote
Virtual Location - Michigan,Remote
Virtual Location - New Jersey,Remote
Meguro,Tokyo
Beer-Sheva,Beersheba
Virtual Location - Minnesota,Remote
Virtual Location - Kansas,Remote
Virtual Location - Indiana,Remote
Greater Toronto,Toronto
Gelugor,Gelugor
Boydton,Boydton
MSA,Remote
Gorzyczki,Gorzyczki
West Conshohocken,Conshohocken
Weehawken,Weehawken
Banagalore,Bengaluru
Purchase,Purchase
Virtual Location - Oregon,Remote
Mclean,Mclean
Greenwich,Greenwich
Rusayl,Rusayl
Queretaro,Santiago de Queretaro
Blr,Bengaluru
Ho Chi Minh,Ho Chi Minh
CEE HQ,Remote
Frankfurt,Frankfurt
MEA-HQ,Remote
Ho Chi Minh,Ho Chi Minh
Las Colinas,Las Colinas
Thames Valley,Thames Valley
Quebec City,Quebec
EMEA-HQ,Remote
New York New York United States,New York City
Heredia  Costa Rica,Heredia
London  United Kingdom,London
New Castle Delaware United States,New Castle
Belfast  United Kingdom,Belfast
DUBAI,Dubai
Dublin Leinster Ireland,Dublin
Mississauga Ontario Canada,Mississauga
Irving Texas United States,Irving
Ciudad De Mexico Distrito Federal Mexico,Mexico City
Tampa Florida United States,Tampa
Paris  France,Parys
Jacksonville Florida United States,Pickerington
Schaumburg Illinois United States,Schaumburg
Jersey City New Jersey United States,Jersey City
Kuala Lumpur Wilayah Persekutuan Kuala Lumpur Malaysia,Kuala Lumpur
San Franscisco,San Francisco El Alto
Pune Maharashtra India,Pune
Chennai Tamil Nadu India,Chennai
San Antonio Texas United States,Soio
Wilmington Delaware United States,Burlington
O'Fallon Missouri United States,O'Fallon
Johnson City Tennessee United States,Johnson City
Sioux Falls South Dakota United States,Sioux Falls
Rutherford New Jersey United States,Rutherford
Singapore  Singapore,Singapore
Bangalore Karnataka India,Bengaluru
Taguig  Philippines,Taguig
Mumbai Maharashtra India,Mumbai
Chiyoda-Ku Tokyo Japan,Tokyo
Penang,George Town
Jakarta  Indonesia,Jakarta
Gurgaon Haryana India,Dili
Istanbul  Türkiye,Istanbul
Budapest  Hungary,Budapest
Dublin  Ireland,Dublin
Warsaw  Poland,Warsaw
Meridian Idaho United States,Meridian
Florence Kentucky United States,Florence
Tucson Arizona United States,Tucson
Getzville New York United States,Buffalo
Rio De Janeiro,Rio de Janeiro
Toronto Ontario Canada,Toronto
Long Island City New York United States,Long Island City
Tel Aviv  Israel,Tel Aviv
St Louis,St. Louis
Shanghai Shanghai China,Shanghai
Virtual Location - Nebraska,Remote
Charlotte North Carolina United States,Charlotte
Annapolis Maryland United States,Simao Dias
Taipei Taipei City Taiwan,Taipei
Kowloon  Hong Kong,Kowloon
Naha-Shi Okinawa Japan,Naha
Hong Kong  Hong Kong,Hong Kong
"Municipality, Va 99999 Virginia United States",Remote
"Municipality, Oh 99999 Ohio United States",Municipality
Sydney New South Wales Australia,Sidney
Seef  Bahrain,Seef
"Seoul  Korea, Republic of",Seoul
Olsztyn  Poland,Olsztyn
Main  Germany,Frankfurt am Main
Stockholm  Sweden,Stockholm
Ofallon Missouri United States,Ofallon
Dulles,Dulles
Montgomery Alabama United States,Sahiwal
Virtual Location - Texas,Remote
Virtual Location - Georgia,Remote
Virtual Location - Arizona,Remote
Pennsylvania - Virtual,Remote
Virtual Location - Florida,Remote
Virtual Location - S Carolina,Remote
Virtual Location - N Carolina,Remote
Maharashtra,Mumbai
Fort Lauderdale Florida United States,Fort Lauderdale
Kansas City Missouri United States,Kansas City
Maryland United States,Maryland
Columbus Ohio United States,Columbus
San Francisco California United States,San Francisco El Alto
Sao Paulo Sao Paulo Brazil,Sao Paulo
Gernsheim,Gernsheim
Eggolsheim,Eggolsheim
Wolfhagen,Wolfhagen
Schonefeld,Schönefeld
Kabelsketal,Kabelsketal
Losangeles,Los Angeles
Castellbisbal,Castellbisbal
Virtual Location - Illinois,Remote
Umatilla,Umatilla
Virtual Location - Washington,Remote
Virtual Location - Colorado,Remote
Virtual Location - Mississippi,Remote
Virtual Location - Virginia,Remote
Virtual Location - Wisconsin,Remote
Shenzhen - Virtual,Shenzhen
Passo Corese,Passo Corese
Gothenburg,Goteborg
Virtual Location - Oklahoma,Remote
Virtual Location - Utah,Remote
Dupont,Dupont
Virtual Location - S Dakota,Remote
Greater Manchester,Richmond
Gyeonggi-do,Gyeonggi-Do
MIAMI,Miami
Hsinchu City,Hsinchu
Jerseycity,Jersey City
Bahrain,Bahrain
Chengdu - Virtual,Chengdu
Hochiminhcity,Ho Chi Minh City
Bielany Wroclawskie,Wroclaw
Lauwin-planque,Lauwin-Planque
Goyang City,Goyang-si
Greencastle,Greencastle
USA,Concord
"Seoul,Korea, Republic of",Seoul
"Los Angeles,California,United States of America",Los Angeles
"Los Gatos,California,United States of America",Los Gatos
"Los Angeles,United States of America",Los Angeles
"Los Gatos,United States of America",Los Gatos
Toyko,Tokyo
Heidenheim An Der Brenz,Heidenheim an der Brenz
Newcastle Upon Tyne,Newcastle upon Tyne
Aarhus,Arhus
"Chennai,",Chennai
"Mumbai,",Mumbai
"Hyderabad,",Hyderabad
"Gurugram,",Gurgaon
West,West
Quebec City,Quebec
"Saki-naka,Andheri E",Mumbai
Arya Samaj Road,Arya Samaj Road
Alberta - Virtual,Remote
Bangalore - Virtual,Bengaluru
Dubai - United Arab Emirates,Dubai

"San Jose, California",San Jose de Mayo
"Chennai, Tamil Nadu, India",Chennai
"Chicago, Illinois",Chicago
"Austin, Texas",Austintown
"Bangalore, Karnataka, India",Bengaluru
"Central Singapore, Singapore",Singapore
"Scottsdale, Arizona","Scottsdale, Az"
United States of America,"Washington, D.C."
"Beijing, China",Beijing
"Omaha, Nebraska",Omaha
"Bangkok, Thailand",Bangkok
"London, County London",London
England,England
"Dublin, County Dublin, Ireland",Dublin
"Stockholm, Stockholm County, Sweden",Stockholm
Ciudad de Mexico,Mexico City
"Madrid, Spain",Madrid
Wan Chai,Wan Chai
Hong Kong Island,Hong Kong
"Edinburgh, County Midlothian, Scotland, United Kingdom",Edinburgh
County London,London
Northern California,Northern California
Dreilinden-Berlin,North Canton
Brandenburg,Brandenburg an der Havel
Milano,Milan
Italy,Rome
District of Columbia,"Washington, D.C."
"Pennsylvania, United States of America (Virtual)",Remote
"Arizona, United States of America (Virtual)",Remote
"Illinois, United States of America (Virtual)",Remote
"Amsterdam, North Holland, Netherlands",Amsterdam
Guatemala,Guatemala City
Ciudad de Guatemala,Guatemala City
"Sydney, New South Wales, Australia",Sidney
Tel Aviv District,Tel Aviv
"Tokyo, Tokyo Prefecture, Japan",Tokyo
"Mumbai, Maharashtra, India",Mumbai
"Washington, United States of America (Virtual)",Remote
"Bellevue, Seattle",Bellevue
Saudi Arabia,Riyadh
"Toronto, Ontario",Toronto
Luxembourg City,Luxembourg City
"New York, United States of America (Virtual)",New York City
"Maryland, United States of America (Virtual)",Remote
"New Jersey, United States of America (Virtual)",Remote
US,Remote
"California Bay Area, United States of America (Virtual)",California Bay Area
"Northern California, United States of America (Virtual)",Remote
"Ontario, Canada",Toronto
"British Columbia, Canada (Virtual)",Remote
"British Columbia, Canada",British Columbia
